id,category,question,followUp,intensity,type,tags,energy
q0001,Light & Funny,What is the most unnecessary thing you have bought recently?,Did you regret it immediately or defend the purchase?,1,question,funny|icebreaker,5
q0002,Light & Funny,Which everyday task do you behave as though you are professionally trained to do?,Who would disagree with your assessment?,1,question,funny|icebreaker,5
q0003,Light & Funny,What harmless habit of yours would annoy someone who lived with you?,How long would it take them to notice?,1,question,funny|icebreaker,5
q0004,Light & Funny,What food combination do you enjoy that other people would judge?,Would you serve it proudly to guests?,1,question,funny|icebreaker,5
q0005,Light & Funny,Which fictional character would be the worst person to sit beside on a long train journey?,Who would be surprisingly good company?,1,question,funny|icebreaker,5
q0006,Light & Funny,What is the funniest lie you believed as a child?,Who convinced you?,1,question,funny|icebreaker,5
q0007,Light & Funny,Which app on your phone knows far too much about you?,What would its data say your personality is?,1,question,funny|icebreaker,5
q0008,Light & Funny,What is your most irrational minor annoyance?,How quickly does it ruin your mood?,1,question,funny|icebreaker,5
q0009,Light & Funny,What is the worst haircut or fashion decision you have ever made?,Is there photographic evidence?,1,question,funny|icebreaker,5
q0010,Light & Funny,Which celebrity would be funniest as your next-door neighbour?,What would you borrow from them?,1,question,funny|icebreaker,5
q0011,Light & Funny,What is the most dramatic reaction you have had to a very small inconvenience?,Did anyone witness it?,1,question,funny|icebreaker,5
q0012,Light & Funny,What household item do you keep refusing to replace even though it is clearly finished?,Why are you emotionally attached to it?,1,question,funny|icebreaker,5
q0013,Light & Funny,What is your funniest public transport story?,Was it funny at the time?,1,question,funny|icebreaker,5
q0014,Light & Funny,Which song makes you perform as though you are headlining a concert?,What is your signature move?,1,question,funny|icebreaker,5
q0015,Light & Funny,What is the strangest compliment you have ever received?,Did you accept it as a compliment?,1,question,funny|icebreaker,5
q0016,Light & Funny,Which job would you be terrible at despite thinking you could probably do it?,How long would you last?,1,question,funny|icebreaker,5
q0017,Light & Funny,What is your most embarrassing autocorrect or wrong-message story?,Could you recover from it?,1,question,funny|icebreaker,5
q0018,Light & Funny,What smell instantly makes you hungry?,What meal does it bring to mind?,1,question,funny|icebreaker,5
q0019,Light & Funny,What is the funniest thing you have seen a family member do?,Do they know you still tell the story?,1,question,funny|icebreaker,5
q0020,Light & Funny,Which game show do you genuinely believe you could win?,What would eliminate you?,1,question,funny|icebreaker,5
q0021,Light & Funny,What is one thing you do differently when nobody is watching?,Would you stop if filmed?,1,question,funny|icebreaker,5
q0022,Light & Funny,Which animal best represents your mood before 9 a.m.?,What about after lunch?,1,question,funny|icebreaker,5
q0023,Light & Funny,What is the most unserious reason you have stopped liking someone?,Was it fair?,1,question,funny|icebreaker,5
q0024,Light & Funny,Which childhood snack would you still defend today?,Has it actually aged well?,1,question,funny|icebreaker,5
q0025,Light & Funny,What is the funniest misunderstanding you have had with an older relative?,Did you ever explain it?,1,question,funny|icebreaker,5
q0026,Light & Funny,Which voice or accent do you imitate far too often?,Who is your best audience?,1,question,funny|icebreaker,5
q0027,Light & Funny,What is the most ridiculous thing you have done to avoid admitting you were wrong?,How long did you maintain it?,1,question,funny|icebreaker,5
q0028,Light & Funny,Which product advert has permanently lodged itself in your brain?,Can you still recite it?,1,question,funny|icebreaker,5
q0029,Light & Funny,What is your go-to excuse when you are running late?,How believable is it?,1,question,funny|icebreaker,5
q0030,Light & Funny,What is the most chaotic meal you have ever attempted to cook?,Was it edible?,1,question,funny|icebreaker,5
q0031,Light & Funny,Which minor skill are you disproportionately proud of?,Could you demonstrate it under pressure?,1,question,funny|icebreaker,5
q0032,Light & Funny,What is the funniest nickname you have ever had?,Who still uses it?,1,question,funny|icebreaker,5
q0033,Light & Funny,Which person in the family would survive longest on a reality show?,Who would be voted out first?,1,question,funny|icebreaker,5
q0034,Light & Funny,What is your most unpopular opinion about breakfast?,Would you defend it publicly?,1,question,funny|icebreaker,5
q0035,Light & Funny,What is the funniest thing you have overheard in London?,Where were you?,1,question,funny|icebreaker,5
q0036,Light & Funny,What would your personal warning label say?,Would people still approach?,1,question,funny|icebreaker,5
q0037,Light & Funny,Which old piece of technology do you secretly miss?,What did it do better?,1,question,funny|icebreaker,5
q0038,Light & Funny,What is the most dramatic weather-related decision you have made?,Did the forecast justify it?,1,question,funny|icebreaker,5
q0039,Light & Funny,Which restaurant dish do you always order even when you promise to try something new?,What would make you switch?,1,question,funny|icebreaker,5
q0040,Light & Funny,What is the funniest way you have injured yourself?,Did you tell the true story?,1,question,funny|icebreaker,5
q0041,Light & Funny,Which family phrase deserves to be printed on a T-shirt?,Who says it most?,1,question,funny|icebreaker,5
q0042,Light & Funny,What is the weirdest thing in your camera roll right now?,How did it get there?,1,question,funny|icebreaker,5
q0043,Light & Funny,What is one thing you are convinced everyone pretends to understand?,Have you ever admitted you do not?,1,question,funny|icebreaker,5
q0044,Light & Funny,Which item would expose you most if someone searched your recent purchases?,How would you explain it?,1,question,funny|icebreaker,5
q0045,Light & Funny,What is the pettiest argument you have ever participated in?,Who was technically right?,1,question,funny|icebreaker,5
q0046,Light & Funny,Which ordinary situation makes you feel like the main character?,What soundtrack is playing?,1,question,funny|icebreaker,5
q0047,Light & Funny,What is the funniest review you could leave for your current life?,How many stars?,1,question,funny|icebreaker,5
q0048,Light & Funny,Which family member would be the worst person to share a hotel room with?,What habit would cause the problem?,1,question,funny|icebreaker,5
q0049,Light & Funny,What is your least impressive hidden talent?,Why do you keep demonstrating it?,1,question,funny|icebreaker,5
q0050,Light & Funny,"If your week had a film title, what would it be?",Who would play you?,1,question,funny|icebreaker,5
q0051,Catch-up,What has changed most in your life since we last had a proper catch-up?,Which change has affected you more than expected?,2,question,life|catch-up,3
q0052,Catch-up,What currently takes up most of your mental space?,Is it something you chose or something imposed on you?,2,question,life|catch-up,3
q0053,Catch-up,What are you quietly proud of at the moment?,Why have you not spoken about it more?,2,question,life|catch-up,3
q0054,Catch-up,What part of your routine is working really well right now?,How did you build it?,2,question,life|catch-up,3
q0055,Catch-up,What part of life currently feels slightly neglected?,What would improve it?,2,question,life|catch-up,3
q0056,Catch-up,What are you looking forward to over the next six months?,What could make it even better?,2,question,life|catch-up,3
q0057,Catch-up,What have you recently changed your mind about?,What caused the shift?,2,question,life|catch-up,3
q0058,Catch-up,Who have you become closer to recently?,What changed between you?,2,question,life|catch-up,3
q0059,Catch-up,What has surprised you most about your current stage of life?,Did you imagine adulthood differently?,2,question,life|catch-up,3
q0060,Catch-up,What is one decision you have been postponing?,What makes it difficult?,2,question,life|catch-up,3
q0061,Catch-up,What is one thing you want more time for?,What currently gets in the way?,2,question,life|catch-up,3
q0062,Catch-up,What have you stopped caring about as much as you used to?,Has that been freeing?,2,question,life|catch-up,3
q0063,Catch-up,What have you started taking more seriously?,Why now?,2,question,life|catch-up,3
q0064,Catch-up,What is the best conversation you have had recently?,What stayed with you afterwards?,2,question,life|catch-up,3
q0065,Catch-up,What is one thing you have learned about yourself this year?,How did you learn it?,2,question,life|catch-up,3
q0066,Catch-up,What is your current definition of success?,How has it changed?,2,question,life|catch-up,3
q0067,Catch-up,What is something people assume is going well for you that is actually complicated?,What would make it easier?,2,question,life|catch-up,3
q0068,Catch-up,What is something difficult that you have handled better than expected?,What helped you through it?,2,question,life|catch-up,3
q0069,Catch-up,What is a recent moment when you felt genuinely content?,What made it feel complete?,2,question,life|catch-up,3
q0070,Catch-up,What relationship in your life currently needs more attention?,What would meaningful effort look like?,2,question,life|catch-up,3
q0071,Catch-up,What are you trying to get better at right now?,How are you measuring progress?,2,question,life|catch-up,3
q0072,Catch-up,What is the biggest source of energy in your life at present?,What drains you most?,2,question,life|catch-up,3
q0073,Catch-up,What boundary have you become better at maintaining?,What taught you to set it?,2,question,life|catch-up,3
q0074,Catch-up,What is one risk you are considering taking?,What is the realistic worst case?,2,question,life|catch-up,3
q0075,Catch-up,What is one opportunity you wish had arrived at a different time?,Would you still take it now?,2,question,life|catch-up,3
q0076,Catch-up,What is one thing you have recently forgiven yourself for?,What made that possible?,2,question,life|catch-up,3
q0077,Catch-up,"What are you currently saving towards, financially or emotionally?",Why does it matter?,2,question,life|catch-up,3
q0078,Catch-up,What is something you wish family asked you about more often?,Why do you think they do not?,2,question,life|catch-up,3
q0079,Catch-up,What part of your personality has become stronger with age?,Has anything softened?,2,question,life|catch-up,3
q0080,Catch-up,What recent disappointment taught you something useful?,Would you approach it differently now?,2,question,life|catch-up,3
q0081,Catch-up,What is one thing you are doing now that your younger self would admire?,What would surprise them?,2,question,life|catch-up,3
q0082,Catch-up,What is one thing your younger self might question about your life now?,How would you answer?,2,question,life|catch-up,3
q0083,Catch-up,What are you currently overthinking?,What advice would you give someone else in the same position?,2,question,life|catch-up,3
q0084,Catch-up,What has become more important to you in friendships?,What matters less now?,2,question,life|catch-up,3
q0085,Catch-up,What is one thing you want to experience before your next birthday?,What is the first practical step?,2,question,life|catch-up,3
q0086,Catch-up,What goal have you outgrown?,What replaced it?,2,question,life|catch-up,3
q0087,Catch-up,What is one thing you are currently trying to simplify?,What made it complicated?,2,question,life|catch-up,3
q0088,Catch-up,What has been the best use of your time lately?,What has been the worst?,2,question,life|catch-up,3
q0089,Catch-up,What is one conversation you know you need to have?,What outcome are you hoping for?,2,question,life|catch-up,3
q0090,Catch-up,What is something you miss about an earlier phase of your life?,Would you genuinely return to it?,2,question,life|catch-up,3
q0091,Catch-up,What is something you do not miss at all?,Why did it once feel normal?,2,question,life|catch-up,3
q0092,Catch-up,What part of your life feels most stable?,What feels most uncertain?,2,question,life|catch-up,3
q0093,Catch-up,What is one thing you would like to be held accountable for?,What support would help?,2,question,life|catch-up,3
q0094,Catch-up,What has made you laugh hardest recently?,Who were you with?,2,question,life|catch-up,3
q0095,Catch-up,What has recently made you feel more hopeful?,Has it changed your plans?,2,question,life|catch-up,3
q0096,Catch-up,What is one thing you want to celebrate properly?,How should it be marked?,2,question,life|catch-up,3
q0097,Catch-up,What do you think you need less of right now?,What do you need more of?,2,question,life|catch-up,3
q0098,Catch-up,What is one personal rule you have recently adopted?,Is it working?,2,question,life|catch-up,3
q0099,Catch-up,What is the most useful advice you have received this year?,Have you actually followed it?,2,question,life|catch-up,3
q0100,Catch-up,"By this time next year, what would you love to say has changed?",What can begin this month?,2,question,life|catch-up,3
q0101,Memories & Family,What childhood meal immediately feels like home?,Who made the best version?,2,story,family|nostalgia,3
q0102,Memories & Family,What family tradition still matters to you?,Should the next generation continue it?,2,story,family|nostalgia,3
q0103,Memories & Family,What is your earliest clear memory?,Why do you think it stayed?,2,story,family|nostalgia,3
q0104,Memories & Family,Which family gathering do you remember most vividly?,What made it memorable?,2,story,family|nostalgia,3
q0105,Memories & Family,What was your favourite age so far?,What did that version of you understand well?,2,story,family|nostalgia,3
q0106,Memories & Family,Which relative made you laugh most as a child?,What was their style of humour?,2,story,family|nostalgia,3
q0107,Memories & Family,What was the atmosphere of the home you grew up in?,What would you preserve or change?,2,story,family|nostalgia,3
q0108,Memories & Family,What did adults frequently say when you were growing up?,Do you hear yourself saying it now?,2,story,family|nostalgia,3
q0109,Memories & Family,What childhood rule seemed unreasonable then but makes sense now?,Which rule still seems ridiculous?,2,story,family|nostalgia,3
q0110,Memories & Family,What was your favourite school-year memory?,Who else would remember it?,2,story,family|nostalgia,3
q0111,Memories & Family,Which teacher had the greatest effect on you?,Was the effect positive or negative?,2,story,family|nostalgia,3
q0112,Memories & Family,What was your first real responsibility?,Did it make you feel grown?,2,story,family|nostalgia,3
q0113,Memories & Family,What family story has been repeated so often that everyone knows it?,Is the story still accurate?,2,story,family|nostalgia,3
q0114,Memories & Family,What smell takes you straight back to childhood?,What scene appears in your mind?,2,story,family|nostalgia,3
q0115,Memories & Family,What was your first experience of earning your own money?,What did you spend it on?,2,story,family|nostalgia,3
q0116,Memories & Family,What did you think adulthood would be like?,What did you get completely wrong?,2,story,family|nostalgia,3
q0117,Memories & Family,Which childhood friendship shaped you most?,Why did it last or end?,2,story,family|nostalgia,3
q0118,Memories & Family,What did you collect or obsess over as a child?,Would you still enjoy it now?,2,story,family|nostalgia,3
q0119,Memories & Family,What was the first journey you remember being excited about?,What made it feel adventurous?,2,story,family|nostalgia,3
q0120,Memories & Family,What family celebration always had the best atmosphere?,Who brought the energy?,2,story,family|nostalgia,3
q0121,Memories & Family,What was your childhood bedroom like?,What object in it mattered most?,2,story,family|nostalgia,3
q0122,Memories & Family,Which older relative would you most like to interview about their life?,What would you ask first?,2,story,family|nostalgia,3
q0123,Memories & Family,What did your family consider a major treat?,Does it still feel special?,2,story,family|nostalgia,3
q0124,Memories & Family,What childhood embarrassment can you laugh about now?,Who remembers it besides you?,2,story,family|nostalgia,3
q0125,Memories & Family,Which family member had the most distinctive sayings?,What was their best one?,2,story,family|nostalgia,3
q0126,Memories & Family,What is one thing your parents or carers did that you appreciate more now?,When did you begin to understand it?,2,story,family|nostalgia,3
q0127,Memories & Family,What is one thing you wish adults had explained better when you were young?,How would you explain it to a child now?,2,story,family|nostalgia,3
q0128,Memories & Family,What childhood fear now seems funny?,Did anyone help you overcome it?,2,story,family|nostalgia,3
q0129,Memories & Family,What was your first favourite song or artist?,Can you still enjoy it sincerely?,2,story,family|nostalgia,3
q0130,Memories & Family,Which old television programme best captures your childhood?,What did everyone watch together?,2,story,family|nostalgia,3
q0131,Memories & Family,What was the best family holiday or day trip?,What almost went wrong?,2,story,family|nostalgia,3
q0132,Memories & Family,Which cousin or sibling were you most competitive with?,What were you competing over?,2,story,family|nostalgia,3
q0133,Memories & Family,What object from your childhood do you wish still existed?,Why did it matter?,2,story,family|nostalgia,3
q0134,Memories & Family,What was your first major disagreement with an adult?,Do you see it differently now?,2,story,family|nostalgia,3
q0135,Memories & Family,What family habit have you inherited?,Are you pleased about it?,2,story,family|nostalgia,3
q0136,Memories & Family,What family habit are you determined not to inherit?,How are you avoiding it?,2,story,family|nostalgia,3
q0137,Memories & Family,What is one sacrifice an older generation made that you understand better now?,How should it be acknowledged?,2,story,family|nostalgia,3
q0138,Memories & Family,Which family member has changed most over the years?,What caused the change?,2,story,family|nostalgia,3
q0139,Memories & Family,What did your neighbourhood feel like growing up?,What has changed most?,2,story,family|nostalgia,3
q0140,Memories & Family,What was the funniest misunderstanding between generations in your family?,Was it ever resolved?,2,story,family|nostalgia,3
q0141,Memories & Family,What was your most treasured possession as a child?,Would it still have value to you?,2,story,family|nostalgia,3
q0142,Memories & Family,What is a childhood moment you wish had been photographed?,Who was there?,2,story,family|nostalgia,3
q0143,Memories & Family,What was the first family secret or grown-up issue you realised existed?,How did it affect your view of adults?,2,story,family|nostalgia,3
q0144,Memories & Family,What did celebrations sound like in your family?,"Which music, voices or sounds stand out?",2,story,family|nostalgia,3
q0145,Memories & Family,What lesson did you learn from watching older relatives rather than from what they said?,Do you live by it?,2,story,family|nostalgia,3
q0146,Memories & Family,Which family member would tell the most accurate story of your childhood?,Where would their version differ from yours?,2,story,family|nostalgia,3
q0147,Memories & Family,What is one memory you and I probably remember differently?,What is your version?,2,story,family|nostalgia,3
q0148,Memories & Family,What is a small kindness from childhood that you still remember?,Did the person know it mattered?,2,story,family|nostalgia,3
q0149,Memories & Family,What family recipe or tradition is at risk of disappearing?,Who should preserve it?,2,story,family|nostalgia,3
q0150,Memories & Family,What would you want future generations of the family to know about us?,How should that story be recorded?,2,story,family|nostalgia,3
q0151,Would You Rather,"Would you rather always travel first class but only once every five years, or travel economy twice every year?",Which part of travel matters most to you?,2,would_you_rather,hypothetical|debate,4
q0152,Would You Rather,Would you rather know exactly how your career will unfold or exactly how your relationships will unfold?,Would certainty make you happier?,2,would_you_rather,hypothetical|debate,4
q0153,Would You Rather,Would you rather live in your dream home in an area you dislike or an average home in your favourite area?,What makes an area feel right?,2,would_you_rather,hypothetical|debate,4
q0154,Would You Rather,Would you rather lose your phone for a month or lose access to your bank card for a week?,Which would disrupt you more?,2,would_you_rather,hypothetical|debate,4
q0155,Would You Rather,"Would you rather be respected by everyone but deeply known by nobody, or deeply known by a few but misunderstood by most?",Which do you currently prioritise?,2,would_you_rather,hypothetical|debate,4
q0156,Would You Rather,Would you rather relive one perfect year or skip ahead to see one future year?,Which year would you choose?,2,would_you_rather,hypothetical|debate,4
q0157,Would You Rather,Would you rather have unlimited free flights or unlimited free hotel stays?,How would you exploit the benefit?,2,would_you_rather,hypothetical|debate,4
q0158,Would You Rather,Would you rather never queue again or never sit in traffic again?,Which wastes more of your life?,2,would_you_rather,hypothetical|debate,4
q0159,Would You Rather,Would you rather only communicate by voice notes or only by phone calls?,Which people would struggle most with your choice?,2,would_you_rather,hypothetical|debate,4
q0160,Would You Rather,Would you rather give up music for a year or television and films for three years?,What would fill the gap?,2,would_you_rather,hypothetical|debate,4
q0161,Would You Rather,Would you rather always be 30 minutes early or always be 10 minutes late?,How would this affect your reputation?,2,would_you_rather,hypothetical|debate,4
q0162,Would You Rather,Would you rather have dinner with your ancestors or your future descendants?,What would you ask?,2,would_you_rather,hypothetical|debate,4
q0163,Would You Rather,Would you rather be able to speak every language or play every musical instrument?,Where would you use the skill first?,2,would_you_rather,hypothetical|debate,4
q0164,Would You Rather,Would you rather live in London with no travel budget or outside London with unlimited weekend travel?,What would you miss?,2,would_you_rather,hypothetical|debate,4
q0165,Would You Rather,Would you rather have a private chef or a full-time cleaner?,Which would improve daily life more?,2,would_you_rather,hypothetical|debate,4
q0166,Would You Rather,Would you rather know the honest opinion everyone has of you or never know when anyone is being insincere?,Could too much honesty damage you?,2,would_you_rather,hypothetical|debate,4
q0167,Would You Rather,Would you rather be famous for something silly or unknown despite doing something important?,How much does recognition matter?,2,would_you_rather,hypothetical|debate,4
q0168,Would You Rather,"Would you rather repeat secondary school with your current knowledge or receive £50,000 now?",What would you do differently at school?,2,would_you_rather,hypothetical|debate,4
q0169,Would You Rather,Would you rather have perfect memory or the ability to forget anything painful on command?,Would forgetting change who you are?,2,would_you_rather,hypothetical|debate,4
q0170,Would You Rather,Would you rather never use social media again or never watch live sport again?,Which community would you lose?,2,would_you_rather,hypothetical|debate,4
q0171,Would You Rather,Would you rather live near all your family in a place you dislike or far away in a place you love?,How often would you realistically visit?,2,would_you_rather,hypothetical|debate,4
q0172,Would You Rather,Would you rather have one extra hour every day or one extra month every year?,How would you spend it?,2,would_you_rather,hypothetical|debate,4
q0173,Would You Rather,Would you rather be able to pause time or rewind ten minutes once a day?,What would be your first use?,2,would_you_rather,hypothetical|debate,4
q0174,Would You Rather,Would you rather always get the cheapest price or always get the best quality?,Where would you make exceptions?,2,would_you_rather,hypothetical|debate,4
q0175,Would You Rather,Would you rather have an excellent career with no public recognition or moderate success with major influence?,What does influence mean to you?,2,would_you_rather,hypothetical|debate,4
q0176,Would You Rather,Would you rather discover a new family secret or uncover a forgotten family achievement?,Would you share what you found?,2,would_you_rather,hypothetical|debate,4
q0177,Would You Rather,Would you rather eat only home-cooked food or only restaurant food for a year?,Which meal would you miss first?,2,would_you_rather,hypothetical|debate,4
q0178,Would You Rather,Would you rather have free childcare or free housing costs for five years?,How would it change family planning?,2,would_you_rather,hypothetical|debate,4
q0179,Would You Rather,Would you rather lose all your old photographs or all your old messages?,Which contains more of your history?,2,would_you_rather,hypothetical|debate,4
q0180,Would You Rather,Would you rather be able to revisit any place exactly as it was in the past or see any place as it will be in 100 years?,Which place would you choose?,2,would_you_rather,hypothetical|debate,4
q0181,Would You Rather,Would you rather have a completely honest friend or a consistently supportive friend?,Can one person be both?,2,would_you_rather,hypothetical|debate,4
q0182,Would You Rather,Would you rather never feel embarrassment or never feel regret?,Which feeling is more useful?,2,would_you_rather,hypothetical|debate,4
q0183,Would You Rather,Would you rather live a very long ordinary life or a shorter extraordinary one?,What would make a life extraordinary?,2,would_you_rather,hypothetical|debate,4
q0184,Would You Rather,Would you rather be the funniest person in every room or the wisest?,Which creates stronger relationships?,2,would_you_rather,hypothetical|debate,4
q0185,Would You Rather,Would you rather always have the perfect response immediately or always make the best decision after reflection?,Which weakness causes you more trouble?,2,would_you_rather,hypothetical|debate,4
q0186,Would You Rather,Would you rather spend a year travelling alone or a year building one major project at home?,What would you hope to gain?,2,would_you_rather,hypothetical|debate,4
q0187,Would You Rather,Would you rather have your dream job with a difficult manager or an average job with an excellent manager?,How much can management shape a role?,2,would_you_rather,hypothetical|debate,4
q0188,Would You Rather,Would you rather be able to read minds for one day or become invisible for one day?,What ethical rule would you set yourself?,2,would_you_rather,hypothetical|debate,4
q0189,Would You Rather,"Would you rather receive £1 million today or £5,000 every month for life?",Which choice suits your temperament?,2,would_you_rather,hypothetical|debate,4
q0190,Would You Rather,Would you rather be unable to lie or unable to detect lies?,Which would damage relationships more?,2,would_you_rather,hypothetical|debate,4
q0191,Would You Rather,Would you rather give up sugar or fried food permanently?,Which cuisine would become hardest?,2,would_you_rather,hypothetical|debate,4
q0192,Would You Rather,Would you rather have a beautiful wedding or an unforgettable honeymoon if you could only fund one properly?,What would your family expect?,2,would_you_rather,hypothetical|debate,4
q0193,Would You Rather,Would you rather raise children near extended family or in the safest possible area far away?,Which support matters most?,2,would_you_rather,hypothetical|debate,4
q0194,Would You Rather,Would you rather be admired for your discipline or loved for your warmth?,Which quality do you naturally show?,2,would_you_rather,hypothetical|debate,4
q0195,Would You Rather,Would you rather restart life at 18 with what you know now or receive a guaranteed healthy extra 20 years?,What would you change first?,2,would_you_rather,hypothetical|debate,4
q0196,Would You Rather,Would you rather only visit places you have never been or only revisit your favourite places?,What destination tests your answer?,2,would_you_rather,hypothetical|debate,4
q0197,Would You Rather,Would you rather permanently lose your sense of taste or your sense of smell?,Which memories depend on them?,2,would_you_rather,hypothetical|debate,4
q0198,Would You Rather,Would you rather have unlimited confidence or unlimited patience?,Which would improve your life more?,2,would_you_rather,hypothetical|debate,4
q0199,Would You Rather,Would you rather know the date of your greatest success or the date of your greatest challenge?,Would you prepare differently?,2,would_you_rather,hypothetical|debate,4
q0200,Would You Rather,Would you rather be remembered accurately by a few people or idealised by millions?,What legacy do you value?,2,would_you_rather,hypothetical|debate,4
q0201,Remove One,"If you had to remove one forever, which would it be: WhatsApp, Google Maps, online banking, or your phone camera?",Which loss would change daily life most?,2,remove_one,ranking|debate,4
q0202,Remove One,"If you had to remove one forever, which would it be: Spotify, YouTube, Netflix, or TikTok?",Which platform gives you the least genuine value?,2,remove_one,ranking|debate,4
q0203,Remove One,"If you had to remove one forever, which would it be: rice, bread, potatoes, or pasta?",Which cuisine suffers most from your removal?,2,remove_one,ranking|debate,4
q0204,Remove One,"If you had to remove one forever, which would it be: Eru, Ndolé, Koki corn, or Poulet DG?",Which choice would cause the biggest family argument?,2,remove_one,ranking|debate,4
q0205,Remove One,"If you had to remove one forever, which would it be: jollof rice, fried plantain, suya, or meat pie?",Which one is most replaceable?,2,remove_one,ranking|debate,4
q0206,Remove One,"If you had to remove one forever, which would it be: Brixton, Peckham, Hackney, or Camden?",What cultural contribution would disappear with it?,2,remove_one,ranking|debate,4
q0207,Remove One,"If you had to remove one forever, which would it be: Victoria line, Jubilee line, Elizabeth line, or Northern line?",How would London cope?,2,remove_one,ranking|debate,4
q0208,Remove One,"If you had to remove one forever, which would it be: Arsenal, Manchester United, Liverpool, or Chelsea?",Would English football be better or worse?,2,remove_one,ranking|debate,4
q0209,Remove One,"If you had to remove one forever, which would it be: afrobeats, hip-hop, R&B, or dancehall?",Which surviving genre absorbs its influence?,2,remove_one,ranking|debate,4
q0210,Remove One,"If you had to remove one forever, which would it be: summer, winter, spring, or autumn?",What do you lose with the season?,2,remove_one,ranking|debate,4
q0211,Remove One,"If you had to remove one forever, which would it be: tea, coffee, juice, or fizzy drinks?",What replaces your choice?,2,remove_one,ranking|debate,4
q0212,Remove One,"If you had to remove one forever, which would it be: Instagram, X/Twitter, Snapchat, or Facebook?",Which removal improves society most?,2,remove_one,ranking|debate,4
q0213,Remove One,"If you had to remove one forever, which would it be: breakfast, lunch, dinner, or late-night snacks?",How would you reorganise eating?,2,remove_one,ranking|debate,4
q0214,Remove One,"If you had to remove one forever, which would it be: weddings, birthday parties, graduations, or family reunions?",Which matters least culturally?,2,remove_one,ranking|debate,4
q0215,Remove One,"If you had to remove one forever, which would it be: London buses, the Underground, black cabs, or ride-hailing apps?",Who would be most affected?,2,remove_one,ranking|debate,4
q0216,Remove One,"If you had to remove one forever, which would it be: cash, debit cards, credit cards, or mobile payments?",Which disappearance causes the most chaos?,2,remove_one,ranking|debate,4
q0217,Remove One,"If you had to remove one forever, which would it be: football, basketball, boxing, or athletics?",What sporting culture would be lost?,2,remove_one,ranking|debate,4
q0218,Remove One,"If you had to remove one forever, which would it be: BBC, ITV, Channel 4, or Sky?",Which broadcaster has contributed least?,2,remove_one,ranking|debate,4
q0219,Remove One,"If you had to remove one forever, which would it be: Notting Hill Carnival, Wireless Festival, Afro Nation, or Glastonbury?",Which audience would complain loudest?,2,remove_one,ranking|debate,4
q0220,Remove One,"If you had to remove one forever, which would it be: Nando's, KFC, McDonald's, or Five Guys?",Which chain is most overrated?,2,remove_one,ranking|debate,4
q0221,Remove One,"If you had to remove one forever, which would it be: Cameroon, Ghana, Nigeria, or Senegal?",You are removing only their food from the world—which loss hurts most?,2,remove_one,ranking|debate,4
q0222,Remove One,"If you had to remove one forever, which would it be: Accra, Lagos, Douala, or Dakar?",Which city would you most want to visit before deciding?,2,remove_one,ranking|debate,4
q0223,Remove One,"If you had to remove one forever, which would it be: London, New York, Paris, or Dubai?",Which city is least essential globally?,2,remove_one,ranking|debate,4
q0224,Remove One,"If you had to remove one forever, which would it be: family approval, financial security, personal freedom, or social status?",Which can you live without most easily?,2,remove_one,ranking|debate,4
q0225,Remove One,"If you had to remove one forever, which would it be: loyalty, honesty, ambition, or kindness?",Which quality becomes dangerous when overvalued?,2,remove_one,ranking|debate,4
q0226,Remove One,"If you had to remove one forever, which would it be: school uniforms, homework, exams, or detention?",Which removal would improve education most?,2,remove_one,ranking|debate,4
q0227,Remove One,"If you had to remove one forever, which would it be: church weddings, traditional weddings, registry weddings, or destination weddings?",Which one offers the least value?,2,remove_one,ranking|debate,4
q0228,Remove One,"If you had to remove one forever, which would it be: WhatsApp family groups, work group chats, school-parent groups, or neighbourhood chats?",Which causes the most unnecessary stress?,2,remove_one,ranking|debate,4
q0229,Remove One,"If you had to remove one forever, which would it be: pepper, onions, garlic, or ginger?",Which removal damages cooking most?,2,remove_one,ranking|debate,4
q0230,Remove One,"If you had to remove one forever, which would it be: beef, chicken, fish, or goat?",Which food culture adapts least easily?,2,remove_one,ranking|debate,4
q0231,Remove One,"If you had to remove one forever, which would it be: cinema, theatre, concerts, or live comedy?",Which experience do you value least?,2,remove_one,ranking|debate,4
q0232,Remove One,"If you had to remove one forever, which would it be: Airbnb, Booking.com, Trainline, or Uber?",Which company could you most easily replace?,2,remove_one,ranking|debate,4
q0233,Remove One,"If you had to remove one forever, which would it be: Oxford Street, Westfield, Camden Market, or Borough Market?",Which destination is most overrated?,2,remove_one,ranking|debate,4
q0234,Remove One,"If you had to remove one forever, which would it be: Wembley, Stratford, Croydon, or Harrow?",Which area would London notice least?,2,remove_one,ranking|debate,4
q0235,Remove One,"If you had to remove one forever, which would it be: secondary school, university, first job, or first serious relationship?",Which phase taught you least?,2,remove_one,ranking|debate,4
q0236,Remove One,"If you had to remove one forever, which would it be: marriage, home ownership, career title, or parenthood?",Which milestone is most overvalued by society?,2,remove_one,ranking|debate,4
q0237,Remove One,"If you had to remove one forever from your work life this year, which would it be: social media, streaming TV, takeaway food, or online shopping?",What makes that option easiest for you to let go of?,2,remove_one,ranking|debate,4
q0238,Remove One,"If you had to remove one forever from your friendships this year, which would it be: group chats, voice notes, photo sharing, or reaction emojis?",What does your choice reveal about your priorities?,3,remove_one,ranking|debate,4
q0239,Remove One,"If you had to remove one forever from your family life this year, which would it be: commuting, working from home, meetings, or presentations?","Which option would be hardest for most people to give up, and why?",2,remove_one,ranking|debate,4
q0240,Remove One,"If you had to remove one forever from your daily habits this year, which would it be: texting, calling, video calls, or emails?",Would your answer have been different a year ago?,3,remove_one,ranking|debate,4
q0241,Remove One,"If you had to remove one forever from your weekends this year, which would it be: spicy food, sweet food, salty food, or sour food?",What makes that option easiest for you to let go of?,2,remove_one,ranking|debate,4
q0242,Remove One,"If you had to remove one forever from your travel plans this year, which would it be: city life, suburban life, village life, or small-town life?",What does your choice reveal about your priorities?,3,remove_one,ranking|debate,4
q0243,Remove One,"If you had to remove one forever from your money choices this year, which would it be: morning routine, night routine, weekend routine, or holiday routine?","Which option would be hardest for most people to give up, and why?",2,remove_one,ranking|debate,4
q0244,Remove One,"If you had to remove one forever from your personal growth this year, which would it be: fashion trends, music trends, slang trends, or internet trends?",Would your answer have been different a year ago?,3,remove_one,ranking|debate,4
q0245,Remove One,"If you had to remove one forever from your work life in your twenties, which would it be: formal education, self-teaching, mentoring, or trial and error?",What makes that option easiest for you to let go of?,2,remove_one,ranking|debate,4
q0246,Remove One,"If you had to remove one forever from your friendships in your twenties, which would it be: routine, spontaneity, discipline, or freedom?",What does your choice reveal about your priorities?,3,remove_one,ranking|debate,4
q0247,Remove One,"If you had to remove one forever from your family life in your twenties, which would it be: privacy, convenience, comfort, or speed?","Which option would be hardest for most people to give up, and why?",2,remove_one,ranking|debate,4
q0248,Remove One,"If you had to remove one forever from your daily habits in your twenties, which would it be: logic, intuition, ambition, or contentment?",Would your answer have been different a year ago?,3,remove_one,ranking|debate,4
q0249,Remove One,"If you had to remove one forever from your weekends in your twenties, which would it be: tradition, innovation, stability, or experimentation?",What makes that option easiest for you to let go of?,2,remove_one,ranking|debate,4
q0250,Remove One,"If you had to remove one forever from your travel plans in your twenties, which would it be: saving money, earning more, spending on joy, or giving to others?",What does your choice reveal about your priorities?,3,remove_one,ranking|debate,4
q0251,Remove One,"If you had to remove one forever from your money choices in your twenties, which would it be: small talk, deep talks, silent time, or playful banter?","Which option would be hardest for most people to give up, and why?",2,remove_one,ranking|debate,4
q0252,Remove One,"If you had to remove one forever from your personal growth in your twenties, which would it be: confidence, humility, patience, or boldness?",Would your answer have been different a year ago?,3,remove_one,ranking|debate,4
q0253,Remove One,"If you had to remove one forever from your work life under stress, which would it be: social media, streaming TV, takeaway food, or online shopping?",What makes that option easiest for you to let go of?,2,remove_one,ranking|debate,4
q0254,Remove One,"If you had to remove one forever from your friendships under stress, which would it be: group chats, voice notes, photo sharing, or reaction emojis?",What does your choice reveal about your priorities?,3,remove_one,ranking|debate,4
q0255,Remove One,"If you had to remove one forever from your family life under stress, which would it be: commuting, working from home, meetings, or presentations?","Which option would be hardest for most people to give up, and why?",2,remove_one,ranking|debate,4
q0256,Remove One,"If you had to remove one forever from your daily habits under stress, which would it be: texting, calling, video calls, or emails?",Would your answer have been different a year ago?,3,remove_one,ranking|debate,4
q0257,Remove One,"If you had to remove one forever from your weekends under stress, which would it be: spicy food, sweet food, salty food, or sour food?",What makes that option easiest for you to let go of?,2,remove_one,ranking|debate,4
q0258,Remove One,"If you had to remove one forever from your travel plans under stress, which would it be: city life, suburban life, village life, or small-town life?",What does your choice reveal about your priorities?,3,remove_one,ranking|debate,4
q0259,Remove One,"If you had to remove one forever from your money choices under stress, which would it be: morning routine, night routine, weekend routine, or holiday routine?","Which option would be hardest for most people to give up, and why?",2,remove_one,ranking|debate,4
q0260,Remove One,"If you had to remove one forever from your personal growth under stress, which would it be: fashion trends, music trends, slang trends, or internet trends?",Would your answer have been different a year ago?,3,remove_one,ranking|debate,4
q0261,Remove One,"If you had to remove one forever from your work life when you are tired, which would it be: formal education, self-teaching, mentoring, or trial and error?",What makes that option easiest for you to let go of?,2,remove_one,ranking|debate,4
q0262,Remove One,"If you had to remove one forever from your friendships when you are tired, which would it be: routine, spontaneity, discipline, or freedom?",What does your choice reveal about your priorities?,3,remove_one,ranking|debate,4
q0263,Remove One,"If you had to remove one forever from your family life when you are tired, which would it be: privacy, convenience, comfort, or speed?","Which option would be hardest for most people to give up, and why?",2,remove_one,ranking|debate,4
q0264,Remove One,"If you had to remove one forever from your daily habits when you are tired, which would it be: logic, intuition, ambition, or contentment?",Would your answer have been different a year ago?,3,remove_one,ranking|debate,4
q0265,Remove One,"If you had to remove one forever from your weekends when you are tired, which would it be: tradition, innovation, stability, or experimentation?",What makes that option easiest for you to let go of?,2,remove_one,ranking|debate,4
q0266,Remove One,"If you had to remove one forever from your travel plans when you are tired, which would it be: saving money, earning more, spending on joy, or giving to others?",What does your choice reveal about your priorities?,3,remove_one,ranking|debate,4
q0267,Remove One,"If you had to remove one forever from your money choices when you are tired, which would it be: small talk, deep talks, silent time, or playful banter?","Which option would be hardest for most people to give up, and why?",2,remove_one,ranking|debate,4
q0268,Remove One,"If you had to remove one forever from your personal growth when you are tired, which would it be: confidence, humility, patience, or boldness?",Would your answer have been different a year ago?,3,remove_one,ranking|debate,4
q0269,Remove One,"If you had to remove one forever from your work life when you are thriving, which would it be: social media, streaming TV, takeaway food, or online shopping?",What makes that option easiest for you to let go of?,2,remove_one,ranking|debate,4
q0270,Remove One,"If you had to remove one forever from your friendships when you are thriving, which would it be: group chats, voice notes, photo sharing, or reaction emojis?",What does your choice reveal about your priorities?,3,remove_one,ranking|debate,4
q0271,Remove One,"If you had to remove one forever from your family life when you are thriving, which would it be: commuting, working from home, meetings, or presentations?","Which option would be hardest for most people to give up, and why?",2,remove_one,ranking|debate,4
q0272,Remove One,"If you had to remove one forever from your daily habits when you are thriving, which would it be: texting, calling, video calls, or emails?",Would your answer have been different a year ago?,3,remove_one,ranking|debate,4
q0273,Remove One,"If you had to remove one forever from your weekends when you are thriving, which would it be: spicy food, sweet food, salty food, or sour food?",What makes that option easiest for you to let go of?,2,remove_one,ranking|debate,4
q0274,Remove One,"If you had to remove one forever from your travel plans when you are thriving, which would it be: city life, suburban life, village life, or small-town life?",What does your choice reveal about your priorities?,3,remove_one,ranking|debate,4
q0275,Remove One,"If you had to remove one forever from your money choices when you are thriving, which would it be: morning routine, night routine, weekend routine, or holiday routine?","Which option would be hardest for most people to give up, and why?",2,remove_one,ranking|debate,4
q0276,Remove One,"If you had to remove one forever from your personal growth when you are thriving, which would it be: fashion trends, music trends, slang trends, or internet trends?",Would your answer have been different a year ago?,3,remove_one,ranking|debate,4
q0277,Remove One,"If you had to remove one forever from your work life in a new city, which would it be: formal education, self-teaching, mentoring, or trial and error?",What makes that option easiest for you to let go of?,2,remove_one,ranking|debate,4
q0278,Remove One,"If you had to remove one forever from your friendships in a new city, which would it be: routine, spontaneity, discipline, or freedom?",What does your choice reveal about your priorities?,3,remove_one,ranking|debate,4
q0279,Remove One,"If you had to remove one forever from your family life in a new city, which would it be: privacy, convenience, comfort, or speed?","Which option would be hardest for most people to give up, and why?",2,remove_one,ranking|debate,4
q0280,Remove One,"If you had to remove one forever from your daily habits in a new city, which would it be: logic, intuition, ambition, or contentment?",Would your answer have been different a year ago?,3,remove_one,ranking|debate,4
q0281,Remove One,"If you had to remove one forever from your weekends in a new city, which would it be: tradition, innovation, stability, or experimentation?",What makes that option easiest for you to let go of?,2,remove_one,ranking|debate,4
q0282,Remove One,"If you had to remove one forever from your travel plans in a new city, which would it be: saving money, earning more, spending on joy, or giving to others?",What does your choice reveal about your priorities?,3,remove_one,ranking|debate,4
q0283,Remove One,"If you had to remove one forever from your money choices in a new city, which would it be: small talk, deep talks, silent time, or playful banter?","Which option would be hardest for most people to give up, and why?",2,remove_one,ranking|debate,4
q0284,Remove One,"If you had to remove one forever from your personal growth in a new city, which would it be: confidence, humility, patience, or boldness?",Would your answer have been different a year ago?,3,remove_one,ranking|debate,4
q0285,Remove One,"If you had to remove one forever from your work life during big decisions, which would it be: social media, streaming TV, takeaway food, or online shopping?",What makes that option easiest for you to let go of?,2,remove_one,ranking|debate,4
q0286,Remove One,"If you had to remove one forever from your friendships during big decisions, which would it be: group chats, voice notes, photo sharing, or reaction emojis?",What does your choice reveal about your priorities?,3,remove_one,ranking|debate,4
q0287,Remove One,"If you had to remove one forever from your family life during big decisions, which would it be: commuting, working from home, meetings, or presentations?","Which option would be hardest for most people to give up, and why?",2,remove_one,ranking|debate,4
q0288,Remove One,"If you had to remove one forever from your daily habits during big decisions, which would it be: texting, calling, video calls, or emails?",Would your answer have been different a year ago?,3,remove_one,ranking|debate,4
q0289,Remove One,"If you had to remove one forever from your weekends during big decisions, which would it be: spicy food, sweet food, salty food, or sour food?",What makes that option easiest for you to let go of?,2,remove_one,ranking|debate,4
q0290,Remove One,"If you had to remove one forever from your travel plans during big decisions, which would it be: city life, suburban life, village life, or small-town life?",What does your choice reveal about your priorities?,3,remove_one,ranking|debate,4
q0291,Remove One,"If you had to remove one forever from your money choices during big decisions, which would it be: morning routine, night routine, weekend routine, or holiday routine?","Which option would be hardest for most people to give up, and why?",2,remove_one,ranking|debate,4
q0292,Remove One,"If you had to remove one forever from your personal growth during big decisions, which would it be: fashion trends, music trends, slang trends, or internet trends?",Would your answer have been different a year ago?,3,remove_one,ranking|debate,4
q0293,Remove One,"If you had to remove one forever from your work life in future plans, which would it be: formal education, self-teaching, mentoring, or trial and error?",What makes that option easiest for you to let go of?,2,remove_one,ranking|debate,4
q0294,Remove One,"If you had to remove one forever from your friendships in future plans, which would it be: routine, spontaneity, discipline, or freedom?",What does your choice reveal about your priorities?,3,remove_one,ranking|debate,4
q0295,Remove One,"If you had to remove one forever from your family life in future plans, which would it be: privacy, convenience, comfort, or speed?","Which option would be hardest for most people to give up, and why?",2,remove_one,ranking|debate,4
q0296,Remove One,"If you had to remove one forever from your daily habits in future plans, which would it be: logic, intuition, ambition, or contentment?",Would your answer have been different a year ago?,3,remove_one,ranking|debate,4
q0297,Remove One,"If you had to remove one forever from your weekends in future plans, which would it be: tradition, innovation, stability, or experimentation?",What makes that option easiest for you to let go of?,2,remove_one,ranking|debate,4
q0298,Remove One,"If you had to remove one forever from your travel plans in future plans, which would it be: saving money, earning more, spending on joy, or giving to others?",What does your choice reveal about your priorities?,3,remove_one,ranking|debate,4
q0299,Remove One,"If you had to remove one forever from your money choices in future plans, which would it be: small talk, deep talks, silent time, or playful banter?","Which option would be hardest for most people to give up, and why?",2,remove_one,ranking|debate,4
q0300,Remove One,"If you had to remove one forever from your personal growth in future plans, which would it be: confidence, humility, patience, or boldness?",Would your answer have been different a year ago?,3,remove_one,ranking|debate,4
q0301,London,Which London area has the strongest identity?,What makes it recognisable?,2,question,london|culture,4
q0302,London,Which London area is most overrated?,Where should people go instead?,2,question,london|culture,4
q0303,London,Which London area deserves more respect?,What are outsiders missing?,2,question,london|culture,4
q0304,London,What is the most accurate stereotype about North London?,Where does it fail?,2,question,london|culture,4
q0305,London,What is the most accurate stereotype about South London?,Where does it fail?,2,question,london|culture,4
q0306,London,What is the most accurate stereotype about East London?,Where does it fail?,2,question,london|culture,4
q0307,London,What is the most accurate stereotype about West London?,Where does it fail?,2,question,london|culture,4
q0308,London,Which part of London feels most different from the rest of the city?,Is that difference positive?,2,question,london|culture,4
q0309,London,What is London's best food area?,Which cuisine defines it?,2,question,london|culture,4
q0310,London,Which Tube line has the strongest personality?,How would you describe it as a person?,2,question,london|culture,4
q0311,London,Which Tube line causes the most stress?,What journey makes it worst?,2,question,london|culture,4
q0312,London,What is London's most confusing station?,What redesign would help?,2,question,london|culture,4
q0313,London,Which London station has the best surroundings?,What would you do nearby?,2,question,london|culture,4
q0314,London,Which London attraction is most overrated?,What should a visitor see instead?,2,question,london|culture,4
q0315,London,Which London attraction is actually worth the hype?,When is the best time to visit?,2,question,london|culture,4
q0316,London,What is the most London-specific behaviour you have adopted?,Would it look rude elsewhere?,2,question,london|culture,4
q0317,London,What is the funniest London transport etiquette rule?,What happens when someone breaks it?,2,question,london|culture,4
q0318,London,Which London borough would you choose to raise children in?,What trade-off would you accept?,2,question,london|culture,4
q0319,London,Which London borough would you avoid living in?,Could anything change your mind?,2,question,london|culture,4
q0320,London,What makes someone genuinely 'from London'?,Is birthplace enough?,2,question,london|culture,4
q0321,London,Which London accent or way of speaking is most distinctive?,How has it changed?,2,question,london|culture,4
q0322,London,What London stereotype do outsiders misunderstand?,What is the reality?,2,question,london|culture,4
q0323,London,What is the best cheap thing to do in London?,Would you recommend it to tourists?,2,question,london|culture,4
q0324,London,What is the best late-night London food?,Which area serves it best?,2,question,london|culture,4
q0325,London,Which chicken shop order best represents London?,What is the correct sauce choice?,2,question,london|culture,4
q0326,London,What is the most stressful London driving location?,What happened there?,2,question,london|culture,4
q0327,London,What is London's best park?,What season suits it?,2,question,london|culture,4
q0328,London,Which London market is best for an actual visit rather than social media?,What should you buy?,2,question,london|culture,4
q0329,London,Which area has changed most dramatically during your lifetime?,Has the change been good?,2,question,london|culture,4
q0330,London,What part of London has lost some of its culture through redevelopment?,What should have been protected?,2,question,london|culture,4
q0331,London,Which London area has improved most?,What caused the improvement?,2,question,london|culture,4
q0332,London,What is the biggest difference between growing up in London and elsewhere in Britain?,What advantage did London give you?,2,question,london|culture,4
q0333,London,What is a London convenience you take for granted?,When do you notice its absence?,2,question,london|culture,4
q0334,London,What is a London inconvenience people have strangely accepted?,Why has it not been fixed?,2,question,london|culture,4
q0335,London,Which borough has the best cultural mix?,How does it show up day to day?,2,question,london|culture,4
q0336,London,Which London high street has the most character?,What business defines it?,2,question,london|culture,4
q0337,London,Where is the real centre of London in practical terms?,Is the official centre relevant?,2,question,london|culture,4
q0338,London,Which London postcode carries the most status without earning it?,Which postcode is underrated?,2,question,london|culture,4
q0339,London,What is the best view of London?,What time of day?,2,question,london|culture,4
q0340,London,Which London venue has the best atmosphere?,What event did you attend there?,2,question,london|culture,4
q0341,London,What unwritten London rule should visitors know?,How quickly do locals enforce it?,2,question,london|culture,4
q0342,London,What is the most expensive London habit that feels unavoidable?,How could someone reduce it?,2,question,london|culture,4
q0343,London,Which London area would make the best setting for a television series?,What genre would it be?,2,question,london|culture,4
q0344,London,What is the most recognisable sound of London?,What memory does it trigger?,2,question,london|culture,4
q0345,London,Which London area best represents Black British culture today?,Has that changed over time?,2,question,london|culture,4
q0346,London,Which London area has the strongest West African presence?,"What food, shops or community spaces show it?",2,question,london|culture,4
q0347,London,What is the best thing about living in northwest London?,What is the biggest drawback?,2,question,london|culture,4
q0348,London,Which side of London has the best transport connections?,What journey proves it?,2,question,london|culture,4
q0349,London,"If London were split into four separate cities—North, South, East and West—which would thrive most?",Which would struggle?,2,question,london|culture,4
q0350,London,"If you could redesign one part of London from scratch, where would it be?",What would you preserve?,2,question,london|culture,4
q0351,Black British Culture,What experience feels distinctly Black British rather than simply Black or British?,Could someone outside Britain fully understand it?,3,question,black|uk|identity,3
q0352,Black British Culture,Which Black British television programme best captured its era?,What did it portray accurately?,3,question,black|uk|identity,3
q0353,Black British Culture,Which Black British comedian has reflected everyday life most accurately?,What observation stands out?,3,question,black|uk|identity,3
q0354,Black British Culture,Which UK music movement contributed most to Black British identity?,What did it give the next generation?,3,question,black|uk|identity,3
q0355,Black British Culture,What does Black British culture do especially well?,Why is it not always recognised?,3,question,black|uk|identity,3
q0356,Black British Culture,What is one challenge within Black British communities that deserves more honest discussion?,What would constructive discussion look like?,3,question,black|uk|identity,3
q0357,Black British Culture,What does code-switching look like in Britain?,When do you notice yourself doing it?,3,question,black|uk|identity,3
q0358,Black British Culture,What is a phrase or expression that immediately sounds Black British to you?,Is the phrase changing with younger generations?,3,question,black|uk|identity,3
q0359,Black British Culture,Which British city has the strongest Black culture outside London?,What makes it distinctive?,3,question,black|uk|identity,3
q0360,Black British Culture,What role have barbershops and salons played in Black British community life?,What conversations happen there that happen nowhere else?,3,question,black|uk|identity,3
q0361,Black British Culture,What is one school experience many Black British children seem to share?,Has education improved since then?,3,question,black|uk|identity,3
q0362,Black British Culture,How has the meaning of being Black British changed between generations?,What will the next generation emphasise?,3,question,black|uk|identity,3
q0363,Black British Culture,Which Black British artist deserves greater historical recognition?,What did they influence?,3,question,black|uk|identity,3
q0364,Black British Culture,What has Black British culture borrowed from the Caribbean?,What has it borrowed from Africa?,3,question,black|uk|identity,3
q0365,Black British Culture,How have African and Caribbean identities interacted within Black Britain?,Where has there been unity or tension?,3,question,black|uk|identity,3
q0366,Black British Culture,What food best represents modern Black Britain?,Why that food?,3,question,black|uk|identity,3
q0367,Black British Culture,What role has church played in Black British community life?,How is that changing?,3,question,black|uk|identity,3
q0368,Black British Culture,What role has the mosque played for Black British Muslims?,What experiences are distinctive?,3,question,black|uk|identity,3
q0369,Black British Culture,What is one misconception Black Americans often have about Black Britain?,What misconception goes the other way?,3,question,black|uk|identity,3
q0370,Black British Culture,What is one thing British media still gets wrong about Black communities?,Which portrayal gets it right?,3,question,black|uk|identity,3
q0371,Black British Culture,Which Black British public figure has had the most positive influence?,What did they make possible?,3,question,black|uk|identity,3
q0372,Black British Culture,How much should Black British people feel connected to African or Caribbean ancestral homelands?,Can that connection be chosen?,3,question,black|uk|identity,3
q0373,Black British Culture,What is the funniest stereotype within Black British communities?,Why does it persist?,3,question,black|uk|identity,3
q0374,Black British Culture,What is one thing about growing up Black in Britain that is hard to explain to outsiders?,What story illustrates it?,3,question,black|uk|identity,3
q0375,Black British Culture,When have you felt most visibly Black in Britain?,"Was the experience positive, negative or neutral?",3,question,black|uk|identity,3
q0376,Black British Culture,When have you felt most fully British?,Did anyone challenge that feeling?,3,question,black|uk|identity,3
q0377,Black British Culture,What does respectability politics look like in Black Britain?,Has it protected or constrained people more?,3,question,black|uk|identity,3
q0378,Black British Culture,How has Black British masculinity been portrayed unfairly?,What examples offer a fuller picture?,3,question,black|uk|identity,3
q0379,Black British Culture,How has Black British womanhood been portrayed unfairly?,What examples offer a fuller picture?,3,question,black|uk|identity,3
q0380,Black British Culture,What should Black History Month in Britain focus on more?,What receives too much repetition?,3,question,black|uk|identity,3
q0381,Black British Culture,What British institution has the most work to do on race?,What change would matter most?,3,question,black|uk|identity,3
q0382,Black British Culture,What is one Black British achievement that should be taught in schools?,Why is it missing?,3,question,black|uk|identity,3
q0383,Black British Culture,How important are regional Black identities within Britain?,Does London dominate the conversation too much?,3,question,black|uk|identity,3
q0384,Black British Culture,What is the biggest generational difference in attitudes toward racism?,Which generation handles it better?,3,question,black|uk|identity,3
q0385,Black British Culture,What is one thing Black British parents prepare children for that other parents may not consider?,Is that preparation empowering or burdensome?,3,question,black|uk|identity,3
q0386,Black British Culture,Which Black British music era would you most like to revisit?,Where would you go first?,3,question,black|uk|identity,3
q0387,Black British Culture,What has social media improved for Black British culture?,What has it made worse?,3,question,black|uk|identity,3
q0388,Black British Culture,What does 'community' mean in Black Britain today?,Where do people actually gather?,3,question,black|uk|identity,3
q0389,Black British Culture,What is one Black-owned British business or brand that deserves wider recognition?,What does it do differently?,3,question,black|uk|identity,3
q0390,Black British Culture,Which Black British athlete has had the greatest cultural impact beyond sport?,What did they represent?,3,question,black|uk|identity,3
q0391,Black British Culture,What is the relationship between class and race in Black Britain?,Which is discussed less honestly?,3,question,black|uk|identity,3
q0392,Black British Culture,What is one thing Black British culture can learn from Black American culture?,What should it resist importing?,3,question,black|uk|identity,3
q0393,Black British Culture,What is one thing Black American culture could learn from Black Britain?,Would it translate successfully?,3,question,black|uk|identity,3
q0394,Black British Culture,How do mixed African and Caribbean friendship groups shape modern Black British culture?,What shared language or customs emerge?,3,question,black|uk|identity,3
q0395,Black British Culture,What does a successful Black British future look like beyond representation?,What structural changes matter?,3,question,black|uk|identity,3
q0396,Black British Culture,Which family expectation feels especially common in Black British households?,Is it helpful?,3,question,black|uk|identity,3
q0397,Black British Culture,What is one harmless in-joke many Black British people immediately understand?,Where did it come from?,3,question,black|uk|identity,3
q0398,Black British Culture,How has London shaped Black British identity differently from the rest of the UK?,What does London overlook?,3,question,black|uk|identity,3
q0399,Black British Culture,What part of Black British history would make the best film or series?,Who should tell it?,3,question,black|uk|identity,3
q0400,Black British Culture,What would you preserve in a museum of Black British everyday life?,Why would that object matter?,3,question,black|uk|identity,3
q0401,Black American Culture,Which Black American cultural movement has had the greatest global impact?,What would the world look like without it?,3,question,black|usa|culture,3
q0402,Black American Culture,"Which American city has contributed most to Black music: Atlanta, Chicago, Detroit or New Orleans?",What is your evidence?,3,question,black|usa|culture,3
q0403,Black American Culture,Which Black American television show best portrayed family life?,What made it believable?,3,question,black|usa|culture,3
q0404,Black American Culture,Which Black American film should everyone watch at least once?,What conversation should follow it?,3,question,black|usa|culture,3
q0405,Black American Culture,What does Black America do particularly well in turning struggle into culture?,Is there a cost to that expectation?,3,question,black|usa|culture,3
q0406,Black American Culture,Which Black American artist most changed global popular culture?,What did they make possible?,3,question,black|usa|culture,3
q0407,Black American Culture,What is one aspect of Black American history that British people often misunderstand?,How should it be taught?,3,question,black|usa|culture,3
q0408,Black American Culture,What is one aspect of Black British life that Black Americans often misunderstand?,Why does the confusion persist?,3,question,black|usa|culture,3
q0409,Black American Culture,How has hip-hop changed from community expression to global industry?,What was gained and lost?,3,question,black|usa|culture,3
q0410,Black American Culture,Which era of R&B had the strongest identity?,What defines its sound?,3,question,black|usa|culture,3
q0411,Black American Culture,What role has the Black church played in American public life?,How is that role changing?,3,question,black|usa|culture,3
q0412,Black American Culture,What is one regional Black American culture you would like to understand better?,What draws you to it?,3,question,black|usa|culture,3
q0413,Black American Culture,Which Black American leader is discussed too simply?,What complexity gets ignored?,3,question,black|usa|culture,3
q0414,Black American Culture,What does Black American culture do better than Black British culture?,What explains the difference?,3,question,black|usa|culture,3
q0415,Black American Culture,What does Black British culture do better than Black American culture?,Would it translate to the US?,3,question,black|usa|culture,3
q0416,Black American Culture,Which Black American food tradition deserves more recognition outside America?,What would you order first?,3,question,black|usa|culture,3
q0417,Black American Culture,How has the NBA shaped Black global culture beyond basketball?,What symbol or style spread furthest?,3,question,black|usa|culture,3
q0418,Black American Culture,How has the NFL shaped ideas of Black masculinity in America?,Is that influence healthy?,3,question,black|usa|culture,3
q0419,Black American Culture,Which HBCU tradition would you most like to experience?,Why does it feel culturally significant?,3,question,black|usa|culture,3
q0420,Black American Culture,What role have Black American fraternities and sororities played?,What is hard for outsiders to understand?,3,question,black|usa|culture,3
q0421,Black American Culture,Which Black sitcom character felt most realistic?,Who felt least realistic?,3,question,black|usa|culture,3
q0422,Black American Culture,What has Black Twitter contributed to global internet culture?,What has been lost as platforms changed?,3,question,black|usa|culture,3
q0423,Black American Culture,Which Black American fashion era had the most influence?,What should return?,3,question,black|usa|culture,3
q0424,Black American Culture,How has gospel music influenced genres that receive more mainstream credit?,Which artist shows the connection?,3,question,black|usa|culture,3
q0425,Black American Culture,What does the Great Migration explain about modern Black America?,Which city was transformed most?,3,question,black|usa|culture,3
q0426,Black American Culture,Which Black American historical figure deserves a major film?,Who should play them?,3,question,black|usa|culture,3
q0427,Black American Culture,How should people discuss tensions between African immigrants and Black Americans?,What shared interests are overlooked?,3,question,black|usa|culture,3
q0428,Black American Culture,What is one stereotype about Black Americans that is especially misleading?,What reality does it erase?,3,question,black|usa|culture,3
q0429,Black American Culture,What is one internal Black American debate that outsiders often misunderstand?,Why is context essential?,3,question,black|usa|culture,3
q0430,Black American Culture,Which Black American city would you most like to explore through its culture rather than tourism?,What would you seek out?,3,question,black|usa|culture,3
q0431,Black American Culture,What has Black American culture taught the world about protest?,What has the world copied without understanding?,3,question,black|usa|culture,3
q0432,Black American Culture,How has Black American slang influenced Britain?,What changes when expressions travel?,3,question,black|usa|culture,3
q0433,Black American Culture,Which Black American musician had the strongest run of albums?,What makes the run exceptional?,3,question,black|usa|culture,3
q0434,Black American Culture,What is one thing Black American celebrity culture overvalues?,What should receive more attention?,3,question,black|usa|culture,3
q0435,Black American Culture,What does the success of Black American media still fail to solve?,What structural issue remains?,3,question,black|usa|culture,3
q0436,Black American Culture,How have Black American women shaped global beauty culture?,Where has credit been withheld?,3,question,black|usa|culture,3
q0437,Black American Culture,How have Black American men shaped global ideas of style?,Where has the image become limiting?,3,question,black|usa|culture,3
q0438,Black American Culture,Which Civil Rights story receives too much focus at the expense of others?,Which story should be added?,3,question,black|usa|culture,3
q0439,Black American Culture,What role has comedy played in explaining Black American life?,Which comedian did it best?,3,question,black|usa|culture,3
q0440,Black American Culture,What is the relationship between Black wealth and community responsibility in America?,Is the expectation fair?,3,question,black|usa|culture,3
q0441,Black American Culture,Which Black-owned American company has had the most cultural importance?,Was its influence commercial or symbolic?,3,question,black|usa|culture,3
q0442,Black American Culture,How has Black American food been separated from its history?,Which dish tells the strongest story?,3,question,black|usa|culture,3
q0443,Black American Culture,What does 'the culture' mean when Black Americans use the phrase?,Who gets to define it?,3,question,black|usa|culture,3
q0444,Black American Culture,What is one Black American cultural export that Britain has adopted well?,What has Britain copied badly?,3,question,black|usa|culture,3
q0445,Black American Culture,Which Black American sports moment had the greatest cultural significance?,Why did it transcend sport?,3,question,black|usa|culture,3
q0446,Black American Culture,How has migration from Africa and the Caribbean changed Black America?,What new identities are emerging?,3,question,black|usa|culture,3
q0447,Black American Culture,What would meaningful solidarity across the Black diaspora look like?,What obstacle is most serious?,3,question,black|usa|culture,3
q0448,Black American Culture,"Which Black American archive, museum or historical site would you most like to visit?",What would you hope to learn?,3,question,black|usa|culture,3
q0449,Black American Culture,What should future generations preserve from present-day Black American culture?,What may disappear fastest?,3,question,black|usa|culture,3
q0450,Black American Culture,What is the most important difference between Blackness as an American identity and as a global identity?,Can they ever be fully separated?,3,question,black|usa|culture,3
q0451,Cameroon,Which Cameroonian dish deserves the widest global recognition?,What would make it accessible without diluting it?,3,question,cameroon|food|culture,3
q0452,Cameroon,"If you could preserve only one Cameroonian family recipe, which would it be?",Who currently makes the best version?,3,question,cameroon|food|culture,3
q0453,Cameroon,What makes Eru special compared with other leafy dishes?,What must be served with it?,3,question,cameroon|food|culture,3
q0454,Cameroon,What is the strongest argument for Ndolé as Cameroon's signature dish?,What is the strongest argument against?,3,question,cameroon|food|culture,3
q0455,Cameroon,What makes Koki corn underrated?,Who needs convincing?,3,question,cameroon|food|culture,3
q0456,Cameroon,Is Poulet DG genuinely elite or partly carried by presentation and nostalgia?,What makes a great version?,3,question,cameroon|food|culture,3
q0457,Cameroon,Which Cameroonian meal is most comforting after a long journey?,What drink belongs beside it?,3,question,cameroon|food|culture,3
q0458,Cameroon,Which Cameroonian food is hardest to explain to someone who has never tried it?,How would you describe the taste?,3,question,cameroon|food|culture,3
q0459,Cameroon,Which Cameroonian dish is easiest to ruin?,What mistake causes the damage?,3,question,cameroon|food|culture,3
q0460,Cameroon,What Cameroonian ingredient deserves to be more widely available in Britain?,What would you cook first?,3,question,cameroon|food|culture,3
q0461,Cameroon,What is one Cameroonian food rule families take very seriously?,Is the rule justified?,3,question,cameroon|food|culture,3
q0462,Cameroon,Which region of Cameroon has the most underrated cuisine?,Which dish proves it?,3,question,cameroon|food|culture,3
q0463,Cameroon,What is the best Cameroonian street food?,Where did you have the best version?,3,question,cameroon|food|culture,3
q0464,Cameroon,What meal best represents a Cameroonian celebration?,What makes the atmosphere complete?,3,question,cameroon|food|culture,3
q0465,Cameroon,What dish do Cameroonians disagree about most?,Which side are you on?,3,question,cameroon|food|culture,3
q0466,Cameroon,What is the funniest stereotype Cameroonians have about another region or group?,Where does it become unfair?,3,question,cameroon|food|culture,3
q0467,Cameroon,What Cameroonian expression or saying deserves a perfect English translation?,What is lost in translation?,3,question,cameroon|food|culture,3
q0468,Cameroon,Which Cameroonian language would you most like to speak fluently?,Who would you speak with first?,3,question,cameroon|food|culture,3
q0469,Cameroon,What is one Cameroonian custom younger generations should preserve?,How could it adapt?,3,question,cameroon|food|culture,3
q0470,Cameroon,What is one Cameroonian custom younger generations are right to question?,What should replace it?,3,question,cameroon|food|culture,3
q0471,Cameroon,What does Cameroonian hospitality look like at its best?,What obligation comes with it?,3,question,cameroon|food|culture,3
q0472,Cameroon,What is the most recognisable feature of a Cameroonian family gathering?,Who normally controls the room?,3,question,cameroon|food|culture,3
q0473,Cameroon,What is the funniest thing Cameroonian parents or elders commonly say?,What do they really mean?,3,question,cameroon|food|culture,3
q0474,Cameroon,How do Cameroonian weddings differ across communities?,Which part creates the best atmosphere?,3,question,cameroon|food|culture,3
q0475,Cameroon,What is one misunderstanding between Cameroonians in Cameroon and those in the diaspora?,How could they understand each other better?,3,question,cameroon|food|culture,3
q0476,Cameroon,Which Cameroonian city has the strongest personality?,How would you describe it?,3,question,cameroon|food|culture,3
q0477,Cameroon,What are the most accurate stereotypes about Douala?,What do outsiders miss?,3,question,cameroon|food|culture,3
q0478,Cameroon,What are the most accurate stereotypes about Yaoundé?,What do outsiders miss?,3,question,cameroon|food|culture,3
q0479,Cameroon,Which Cameroonian region deserves more tourism?,What should visitors experience?,3,question,cameroon|food|culture,3
q0480,Cameroon,What does Cameroonian humour sound like?,What kind of joke travels badly outside the culture?,3,question,cameroon|food|culture,3
q0481,Cameroon,Which Cameroonian musician or genre deserves a global revival?,What song would you use as an introduction?,3,question,cameroon|food|culture,3
q0482,Cameroon,How has makossa shaped African music?,Who carried it furthest?,3,question,cameroon|food|culture,3
q0483,Cameroon,What does football mean to Cameroonian national identity?,Which moment captures it?,3,question,cameroon|food|culture,3
q0484,Cameroon,Which Cameroonian footballer has had the greatest cultural impact?,Is sporting achievement enough?,3,question,cameroon|food|culture,3
q0485,Cameroon,What is one thing Cameroon does better than neighbouring countries?,What could it learn from them?,3,question,cameroon|food|culture,3
q0486,Cameroon,What is one national frustration Cameroonians joke about because the alternative is anger?,Why has it persisted?,3,question,cameroon|food|culture,3
q0487,Cameroon,How do English-speaking and French-speaking Cameroonian experiences differ?,What shared identity remains?,3,question,cameroon|food|culture,3
q0488,Cameroon,What is one thing outsiders misunderstand about Cameroon's diversity?,How would you explain it simply?,3,question,cameroon|food|culture,3
q0489,Cameroon,What family role or title carries special weight in Cameroonian culture?,Is that authority changing?,3,question,cameroon|food|culture,3
q0490,Cameroon,How important are village and ancestral ties to Cameroonian identity?,Can diaspora children maintain them?,3,question,cameroon|food|culture,3
q0491,Cameroon,What Cameroonian tradition would make a fascinating documentary?,Whose perspective should lead it?,3,question,cameroon|food|culture,3
q0492,Cameroon,What is one Cameroonian childhood experience that diaspora children may miss?,Can it be recreated abroad?,3,question,cameroon|food|culture,3
q0493,Cameroon,What is the relationship between food and status at Cameroonian events?,Which dish signals that an event is serious?,3,question,cameroon|food|culture,3
q0494,Cameroon,What is the best way to introduce a non-Cameroonian friend to the culture?,What should happen in the first day?,3,question,cameroon|food|culture,3
q0495,Cameroon,Which Cameroonian proverb contains the most useful life advice?,How have you seen it apply?,3,question,cameroon|food|culture,3
q0496,Cameroon,What part of Cameroonian history should be more widely known?,Why has it received limited attention?,3,question,cameroon|food|culture,3
q0497,Cameroon,What is one thing about Cameroon that makes you proud?,What is one thing you wish would change?,3,question,cameroon|food|culture,3
q0498,Cameroon,How has migration changed Cameroonian family expectations?,Which expectation travels most strongly?,3,question,cameroon|food|culture,3
q0499,Cameroon,What should a future Cameroonian cultural centre in London contain?,Which room would you visit first?,3,question,cameroon|food|culture,3
q0500,Cameroon,What would you want future generations to understand about being Cameroonian in the diaspora?,How should that story be preserved?,3,question,cameroon|food|culture,3
q0501,West African & Sub-Saharan African Culture,Which West African country has the strongest food culture?,What dish is your evidence?,3,question,africa|diaspora|culture,3
q0502,West African & Sub-Saharan African Culture,Which Sub-Saharan African city deserves far more tourism?,What experience would attract visitors?,3,question,africa|diaspora|culture,3
q0503,West African & Sub-Saharan African Culture,What is one stereotype about Africans that outsiders repeat too easily?,What reality does it miss?,3,question,africa|diaspora|culture,3
q0504,West African & Sub-Saharan African Culture,What is one stereotype Africans hold about another African country that makes you laugh?,Where might it contain a little truth?,3,question,africa|diaspora|culture,3
q0505,West African & Sub-Saharan African Culture,Which African country currently has the most influential music scene?,Is influence the same as quality?,3,question,africa|diaspora|culture,3
q0506,West African & Sub-Saharan African Culture,Which African language would you most like to speak fluently?,How would it change your connections?,3,question,africa|diaspora|culture,3
q0507,West African & Sub-Saharan African Culture,What is one thing Western societies could learn from African community life?,What should not be romanticised?,3,question,africa|diaspora|culture,3
q0508,West African & Sub-Saharan African Culture,What is one thing African societies could learn from Western individualism?,Where does individualism go too far?,3,question,africa|diaspora|culture,3
q0509,West African & Sub-Saharan African Culture,Which African wedding tradition creates the best atmosphere?,Which creates unnecessary pressure?,3,question,africa|diaspora|culture,3
q0510,West African & Sub-Saharan African Culture,What is one thing Africans normalise that surprises outsiders?,Is it worth preserving?,3,question,africa|diaspora|culture,3
q0511,West African & Sub-Saharan African Culture,What is one thing outsiders assume is universal across Africa but is not?,What regional difference matters?,3,question,africa|diaspora|culture,3
q0512,West African & Sub-Saharan African Culture,How do African parents express love without always saying it directly?,Which expression meant most to you?,3,question,africa|diaspora|culture,3
q0513,West African & Sub-Saharan African Culture,What is one family expectation common across African cultures that should change?,Why has it lasted?,3,question,africa|diaspora|culture,3
q0514,West African & Sub-Saharan African Culture,What is one family expectation worth defending?,What benefit does it provide?,3,question,africa|diaspora|culture,3
q0515,West African & Sub-Saharan African Culture,Which African city has the strongest style and fashion identity?,What defines the look?,3,question,africa|diaspora|culture,3
q0516,West African & Sub-Saharan African Culture,Which African country's film industry deserves more international attention?,What should people watch first?,3,question,africa|diaspora|culture,3
q0517,West African & Sub-Saharan African Culture,What is one African historical kingdom or civilisation everyone should know?,Why is it missing from common education?,3,question,africa|diaspora|culture,3
q0518,West African & Sub-Saharan African Culture,Which African country has the best street food?,What would you order first?,3,question,africa|diaspora|culture,3
q0519,West African & Sub-Saharan African Culture,What is the correct way to settle a jollof-rice argument?,Can the debate ever be objective?,3,question,africa|diaspora|culture,3
q0520,West African & Sub-Saharan African Culture,What dish best represents West African comfort food?,What memory does it carry?,3,question,africa|diaspora|culture,3
q0521,West African & Sub-Saharan African Culture,Which African ingredient is most underused globally?,What dish showcases it?,3,question,africa|diaspora|culture,3
q0522,West African & Sub-Saharan African Culture,What does hospitality mean across African cultures?,When can it become burdensome?,3,question,africa|diaspora|culture,3
q0523,West African & Sub-Saharan African Culture,What is the funniest generational misunderstanding in African families?,Which side adapts less?,3,question,africa|diaspora|culture,3
q0524,West African & Sub-Saharan African Culture,How important should tribal or ethnic identity remain in modern African life?,Where can it become divisive?,3,question,africa|diaspora|culture,3
q0525,West African & Sub-Saharan African Culture,What role should traditional leaders have today?,What legitimacy should they need?,3,question,africa|diaspora|culture,3
q0526,West African & Sub-Saharan African Culture,What is one African proverb you genuinely live by?,When has it guided you?,3,question,africa|diaspora|culture,3
q0527,West African & Sub-Saharan African Culture,Which African country has the most recognisable national personality?,How much is stereotype?,3,question,africa|diaspora|culture,3
q0528,West African & Sub-Saharan African Culture,What is one thing the African diaspora often idealises about life 'back home'?,What does it underestimate?,3,question,africa|diaspora|culture,3
q0529,West African & Sub-Saharan African Culture,What is one thing people living in Africa misunderstand about diaspora life?,What pressure is invisible?,3,question,africa|diaspora|culture,3
q0530,West African & Sub-Saharan African Culture,How should diaspora families maintain language across generations?,What makes this difficult?,3,question,africa|diaspora|culture,3
q0531,West African & Sub-Saharan African Culture,What is one African tradition that changes meaning when practised abroad?,Does adaptation weaken it?,3,question,africa|diaspora|culture,3
q0532,West African & Sub-Saharan African Culture,Which African city would you choose for one year of living and working?,What practical issue might change your mind?,3,question,africa|diaspora|culture,3
q0533,West African & Sub-Saharan African Culture,What is the biggest cultural difference between West Africa and East Africa?,Where are they more similar than assumed?,3,question,africa|diaspora|culture,3
q0534,West African & Sub-Saharan African Culture,What is the biggest cultural difference between urban and rural African life?,Which offers a stronger sense of community?,3,question,africa|diaspora|culture,3
q0535,West African & Sub-Saharan African Culture,What stereotype about African men deserves more nuance?,What experiences vary most?,3,question,africa|diaspora|culture,3
q0536,West African & Sub-Saharan African Culture,What stereotype about African women deserves more nuance?,What experiences vary most?,3,question,africa|diaspora|culture,3
q0537,West African & Sub-Saharan African Culture,How does religion shape everyday African life differently from Britain?,What is gained and lost?,3,question,africa|diaspora|culture,3
q0538,West African & Sub-Saharan African Culture,What is one African celebration or festival you want to experience?,What draws you to it?,3,question,africa|diaspora|culture,3
q0539,West African & Sub-Saharan African Culture,Which African country has the strongest sporting identity?,Which sport defines it?,3,question,africa|diaspora|culture,3
q0540,West African & Sub-Saharan African Culture,How should African countries balance preserving culture with modernisation?,What should never be sacrificed?,3,question,africa|diaspora|culture,3
q0541,West African & Sub-Saharan African Culture,What is one infrastructure improvement that would transform daily life in many African cities?,Why has it been difficult?,3,question,africa|diaspora|culture,3
q0542,West African & Sub-Saharan African Culture,What African business or innovation deserves more global attention?,What problem does it solve?,3,question,africa|diaspora|culture,3
q0543,West African & Sub-Saharan African Culture,How has mobile technology changed African life more than outsiders realise?,What is the next transformation?,3,question,africa|diaspora|culture,3
q0544,West African & Sub-Saharan African Culture,What does success look like in many African families?,How does that shape children?,3,question,africa|diaspora|culture,3
q0545,West African & Sub-Saharan African Culture,What is one pressure placed on successful diaspora relatives?,What is a fair responsibility?,3,question,africa|diaspora|culture,3
q0546,West African & Sub-Saharan African Culture,What is one African cultural export that has been commercialised without enough credit?,Who should benefit?,3,question,africa|diaspora|culture,3
q0547,West African & Sub-Saharan African Culture,How can Africans debate national problems without feeding negative stereotypes?,Where is the balance?,3,question,africa|diaspora|culture,3
q0548,West African & Sub-Saharan African Culture,What would a genuinely united African diaspora prioritise?,What division would be hardest to overcome?,3,question,africa|diaspora|culture,3
q0549,West African & Sub-Saharan African Culture,What should African countries teach children about the diaspora?,What should diaspora children learn about the continent?,3,question,africa|diaspora|culture,3
q0550,West African & Sub-Saharan African Culture,What part of present-day African life should be documented for future generations?,Who should record it?,3,question,africa|diaspora|culture,3
q0551,Relationships & Family,What quality makes someone feel emotionally safe to you?,How do they demonstrate it?,3,question,relationships|family,3
q0552,Relationships & Family,What do your closest friends have in common?,What does that reveal about you?,3,question,relationships|family,3
q0553,Relationships & Family,When do friends usually come to you for advice?,Are you good at following your own advice?,3,question,relationships|family,3
q0554,Relationships & Family,What is one friendship lesson you learned too late?,How has it changed your behaviour?,3,question,relationships|family,3
q0555,Relationships & Family,What makes a family relationship worth repairing?,When is distance healthier?,3,question,relationships|family,3
q0556,Relationships & Family,What does loyalty require—and what does it not require?,Have you ever confused loyalty with silence?,3,question,relationships|family,3
q0557,Relationships & Family,What makes an apology feel sincere?,Which part matters most: words or changed behaviour?,3,question,relationships|family,3
q0558,Relationships & Family,What is one boundary families often struggle to respect?,How should it be communicated?,3,question,relationships|family,3
q0559,Relationships & Family,What is the difference between privacy and secrecy in close relationships?,Where is your line?,3,question,relationships|family,3
q0560,Relationships & Family,What makes someone easy to trust?,What destroys trust fastest?,3,question,relationships|family,3
q0561,Relationships & Family,What is one thing couples should discuss before marriage but often avoid?,Why is it uncomfortable?,3,question,relationships|family,3
q0562,Relationships & Family,What do healthy disagreements look like?,What behaviour crosses the line?,3,question,relationships|family,3
q0563,Relationships & Family,What is the most important friendship you have lost?,What did it teach you?,3,question,relationships|family,3
q0564,Relationships & Family,Can a friendship recover after years of little contact?,What effort is required?,3,question,relationships|family,3
q0565,Relationships & Family,What makes someone feel like family even without blood relation?,Who fits that description?,3,question,relationships|family,3
q0566,Relationships & Family,How much should family approval influence major life decisions?,Where should its power end?,3,question,relationships|family,3
q0567,Relationships & Family,What is one family role people get trapped in?,How can they change it?,3,question,relationships|family,3
q0568,Relationships & Family,What is one thing parents should apologise to adult children for more often?,What would healing look like?,3,question,relationships|family,3
q0569,Relationships & Family,What is one thing adult children should appreciate more about parents?,What becomes clearer with age?,3,question,relationships|family,3
q0570,Relationships & Family,How should responsibilities be divided among siblings or cousins when elders need support?,What is fair?,3,question,relationships|family,3
q0571,Relationships & Family,What makes someone a good husband or wife beyond affection?,Which quality is least appreciated?,3,question,relationships|family,3
q0572,Relationships & Family,How do you know when a relationship has become one-sided?,What should happen next?,3,question,relationships|family,3
q0573,Relationships & Family,What is the difference between supporting someone and rescuing them?,Which do you tend to do?,3,question,relationships|family,3
q0574,Relationships & Family,What makes a person good company during difficult times?,What should they avoid saying?,3,question,relationships|family,3
q0575,Relationships & Family,How much honesty is too much honesty in a close relationship?,Can timing make truth kinder?,3,question,relationships|family,3
q0576,Relationships & Family,What kind of affection is easiest for you to give?,What kind is hardest to receive?,3,question,relationships|family,3
q0577,Relationships & Family,What is one relationship pattern you want to avoid repeating?,Where did you first observe it?,3,question,relationships|family,3
q0578,Relationships & Family,What do you need from family when life becomes stressful?,Do they know this?,3,question,relationships|family,3
q0579,Relationships & Family,How should couples handle very different attitudes toward money?,What needs agreement before commitment?,3,question,relationships|family,3
q0580,Relationships & Family,What should friends be allowed to challenge you about?,When does challenge become interference?,3,question,relationships|family,3
q0581,Relationships & Family,What is one sign someone truly knows you?,Who notices it?,3,question,relationships|family,3
q0582,Relationships & Family,Can people remain close despite very different values?,Which differences are too fundamental?,3,question,relationships|family,3
q0583,Relationships & Family,What is one thing you wish people understood about how you show care?,How is it misread?,3,question,relationships|family,3
q0584,Relationships & Family,What does emotional maturity look like in everyday behaviour?,Which sign is most important?,3,question,relationships|family,3
q0585,Relationships & Family,When should someone forgive without reconciliation?,Can peace exist without renewed contact?,3,question,relationships|family,3
q0586,Relationships & Family,What makes family gatherings feel warm rather than obligatory?,Who sets the tone?,3,question,relationships|family,3
q0587,Relationships & Family,How should family traditions change when people marry into different cultures?,What should be protected?,3,question,relationships|family,3
q0588,Relationships & Family,What is one question every parent should ask an adult child?,Why is it rarely asked?,3,question,relationships|family,3
q0589,Relationships & Family,What is one question every adult child should ask a parent?,Why does it matter?,3,question,relationships|family,3
q0590,Relationships & Family,What is one thing cousins can understand about each other that siblings may not?,Does that apply to us?,3,question,relationships|family,3
q0591,Relationships & Family,What is one unspoken expectation within our family?,Is it helpful or burdensome?,3,question,relationships|family,3
q0592,Relationships & Family,What do you think our family does especially well?,What could improve?,3,question,relationships|family,3
q0593,Relationships & Family,Which family member's life story would surprise people most?,What chapter deserves telling?,3,question,relationships|family,3
q0594,Relationships & Family,How should a family handle a relative who repeatedly creates conflict?,Who should intervene?,3,question,relationships|family,3
q0595,Relationships & Family,What is the healthiest way to respond when relatives compare people's progress?,Why do comparisons persist?,3,question,relationships|family,3
q0596,Relationships & Family,What makes a home feel welcoming?,Which detail matters most?,3,question,relationships|family,3
q0597,Relationships & Family,How much should partners know about each other's past?,What is relevant versus intrusive?,3,question,relationships|family,3
q0598,Relationships & Family,What is one way modern life makes relationships harder?,What modern tool makes them easier?,3,question,relationships|family,3
q0599,Relationships & Family,What would you want the people closest to you to say about how you treated them?,Are you living that way now?,3,question,relationships|family,3
q0600,Relationships & Family,Which relationship in your life has taught you the most about yourself?,What did it reveal?,3,question,relationships|family,3
q0601,Career & Money,What does a genuinely good working life look like to you?,How close are you to it?,3,question,career|money,3
q0602,Career & Money,"Would you prefer more money, more autonomy or more meaningful work?",What would you sacrifice?,3,question,career|money,3
q0603,Career & Money,What professional skill has given you the greatest return?,How did you develop it?,3,question,career|money,3
q0604,Career & Money,What is one career decision you would make differently?,What did it teach you?,3,question,career|money,3
q0605,Career & Money,What kind of work makes time pass quickly for you?,Could it become a larger part of your career?,3,question,career|money,3
q0606,Career & Money,What is one thing workplaces reward that they should not?,What should be rewarded instead?,3,question,career|money,3
q0607,Career & Money,What is one thing you wish you understood about money at 18?,What would you have done differently?,3,question,career|money,3
q0608,Career & Money,What does financial security mean in actual numbers or conditions?,Has the definition changed?,3,question,career|money,3
q0609,Career & Money,What is one purchase that genuinely improved your quality of life?,Was it worth more than it cost?,3,question,career|money,3
q0610,Career & Money,What is one expensive mistake that taught you something valuable?,Would you undo it?,3,question,career|money,3
q0611,Career & Money,Would you rather earn less doing work you control or more in a role controlled by others?,Where is your threshold?,3,question,career|money,3
q0612,Career & Money,What makes a manager worth following?,What makes you lose respect immediately?,3,question,career|money,3
q0613,Career & Money,What professional reputation do you want to build?,What evidence supports it now?,3,question,career|money,3
q0614,Career & Money,What part of networking feels genuine to you?,What part feels performative?,3,question,career|money,3
q0615,Career & Money,What is one thing talented people often misunderstand about career progression?,What matters besides ability?,3,question,career|money,3
q0616,Career & Money,How much should identity shape career choices?,Have you ever felt pressure to represent others?,3,question,career|money,3
q0617,Career & Money,What is one financial habit families should teach children early?,How would you teach it?,3,question,career|money,3
q0618,Career & Money,What is one money habit you are trying to improve?,What triggers the old pattern?,3,question,career|money,3
q0619,Career & Money,What is your view on lending money to relatives?,What rule should apply?,3,question,career|money,3
q0620,Career & Money,What is a fair financial responsibility toward extended family?,Where should boundaries sit?,3,question,career|money,3
q0621,Career & Money,Would you tell family exactly how much you earn?,What could go wrong?,3,question,career|money,3
q0622,Career & Money,What is one status purchase people make too early?,What should come first?,3,question,career|money,3
q0623,Career & Money,What is a better investment than people realise?,Is the return financial or personal?,3,question,career|money,3
q0624,Career & Money,What is one business idea you would pursue with guaranteed funding?,Why have you not started smaller?,3,question,career|money,3
q0625,Career & Money,What makes entrepreneurship attractive to you?,What part is romanticised?,3,question,career|money,3
q0626,Career & Money,What should someone prove before leaving a stable job for a business?,Is certainty ever possible?,3,question,career|money,3
q0627,Career & Money,What career advice would you give a younger cousin?,What warning would you include?,3,question,career|money,3
q0628,Career & Money,What is one industry you think will look very different in ten years?,Who will benefit?,3,question,career|money,3
q0629,Career & Money,How should AI change the way people prepare for careers?,Which human skill becomes more valuable?,3,question,career|money,3
q0630,Career & Money,What work would you still do if money were already handled?,Would you do it full time?,3,question,career|money,3
q0631,Career & Money,What is one professional risk worth taking?,What preparation reduces the downside?,3,question,career|money,3
q0632,Career & Money,What does being underpaid feel like beyond the number?,How should someone respond?,3,question,career|money,3
q0633,Career & Money,When is it right to prioritise family over career momentum?,Can the lost momentum be recovered?,3,question,career|money,3
q0634,Career & Money,What is one sign a job is damaging your health?,How long should someone tolerate it?,3,question,career|money,3
q0635,Career & Money,What should employers owe contractors beyond payment?,What should contractors owe employers?,3,question,career|money,3
q0636,Career & Money,What is the difference between being busy and being valuable?,Which does your workplace reward?,3,question,career|money,3
q0637,Career & Money,How important is job title compared with actual responsibility?,When does title matter?,3,question,career|money,3
q0638,Career & Money,What is one thing you would negotiate more firmly next time?,What stopped you previously?,3,question,career|money,3
q0639,Career & Money,What does wealth mean beyond income?,Which form of wealth do you lack most?,3,question,career|money,3
q0640,Career & Money,Would you prefer to own a modest home outright or have a larger mortgage in a better area?,What matters for family life?,3,question,career|money,3
q0641,Career & Money,How much lifestyle inflation is reasonable after earning more?,What should remain unchanged?,3,question,career|money,3
q0642,Career & Money,What is your approach to spending on travel and experiences?,What makes an experience worth the cost?,3,question,career|money,3
q0643,Career & Money,What is one financial risk you would never take?,What would make others accept it?,3,question,career|money,3
q0644,Career & Money,What should parents tell children about class and privilege?,At what age?,3,question,career|money,3
q0645,Career & Money,How should successful people respond to relatives asking for opportunities?,What support is sustainable?,3,question,career|money,3
q0646,Career & Money,What is one career milestone you no longer care about?,What replaced it?,3,question,career|money,3
q0647,Career & Money,What would make you retire earlier than planned?,What would you retire toward?,3,question,career|money,3
q0648,Career & Money,What is one form of work you think society undervalues?,How should it be rewarded?,3,question,career|money,3
q0649,Career & Money,What would a successful next five years look like professionally and financially?,What is the first decision required?,3,question,career|money,3
q0650,Career & Money,What do you want your work to make possible outside work?,Is your current path achieving that?,3,question,career|money,3
q0651,Football & Sport,Who is the greatest Arsenal player you personally watched live or in real time?,What moment defines them?,2,question,football|sport,4
q0652,Football & Sport,Which Arsenal player is most underrated by rival fans?,What evidence would you show?,2,question,football|sport,4
q0653,Football & Sport,Which Arsenal signing disappointed you most?,"Was it ability, fit or circumstances?",2,question,football|sport,4
q0654,Football & Sport,Which former Arsenal player would improve the current team most?,Who would lose their place?,2,question,football|sport,4
q0655,Football & Sport,What is the best Arsenal match you have ever watched?,Where were you?,2,question,football|sport,4
q0656,Football & Sport,What is the worst Arsenal defeat you still remember clearly?,Why did it hurt?,2,question,football|sport,4
q0657,Football & Sport,Which football manager would be the most interesting dinner guest?,What would you ask?,2,question,football|sport,4
q0658,Football & Sport,Which footballer would be funniest as a colleague in an office?,What role would they have?,2,question,football|sport,4
q0659,Football & Sport,Which footballer would you trust most to babysit your children?,Who would you never trust?,2,question,football|sport,4
q0660,Football & Sport,Which football stadium has the best atmosphere?,How much is reputation?,2,question,football|sport,4
q0661,Football & Sport,Which football rivalry is most overrated?,Which rivalry deserves more attention?,2,question,football|sport,4
q0662,Football & Sport,What matters more for greatness: peak level or career longevity?,Which player tests your answer?,2,question,football|sport,4
q0663,Football & Sport,Should international trophies heavily influence individual-player rankings?,What about players from weaker nations?,2,question,football|sport,4
q0664,Football & Sport,Which football era had the best balance of skill and personality?,What has modern football lost?,2,question,football|sport,4
q0665,Football & Sport,Is modern tactical football more intelligent or less entertaining?,Which team proves your point?,2,question,football|sport,4
q0666,Football & Sport,Which rule change would most improve football?,What unintended effect might follow?,2,question,football|sport,4
q0667,Football & Sport,"Should VAR remain, be reformed or removed?",What specific reform matters most?,2,question,football|sport,4
q0668,Football & Sport,Which Premier League club has the most delusional fanbase?,What belief proves it?,2,question,football|sport,4
q0669,Football & Sport,Which club receives too much media attention?,Who deserves more?,2,question,football|sport,4
q0670,Football & Sport,Which football pundit do you trust most?,What makes them credible?,2,question,football|sport,4
q0671,Football & Sport,Which football pundit irritates you most?,Are they ever right?,2,question,football|sport,4
q0672,Football & Sport,What is the strongest case for the Premier League being the world's best league?,What is the strongest case against?,2,question,football|sport,4
q0673,Football & Sport,Which African national team has underachieved most historically?,What held them back?,2,question,football|sport,4
q0674,Football & Sport,Which AFCON tournament or moment stands out most?,Why did it matter?,2,question,football|sport,4
q0675,Football & Sport,Who is Africa's greatest footballer ever?,What criteria decide it?,2,question,football|sport,4
q0676,Football & Sport,Which Cameroonian footballer had the biggest impact on national identity?,Which achievement mattered most?,2,question,football|sport,4
q0677,Football & Sport,Would you rather win the Champions League once or the league three times?,Would your answer change for Arsenal?,2,question,football|sport,4
q0678,Football & Sport,Would you rather have prime Henry or prime Messi for one season at Arsenal?,How would the team be built?,2,question,football|sport,4
q0679,Football & Sport,"Remove one from football history: the World Cup, Champions League, Premier League or AFCON.",What replaces its emotional role?,2,question,football|sport,4
q0680,Football & Sport,Which current young player would you build a club around?,What risk comes with them?,2,question,football|sport,4
q0681,Football & Sport,What makes a footballer genuinely world class?,How many current players qualify?,2,question,football|sport,4
q0682,Football & Sport,Which player had the greatest single-season peak?,What made it special?,2,question,football|sport,4
q0683,Football & Sport,Which player was brilliant but arrived in the wrong era?,How would they fare now?,2,question,football|sport,4
q0684,Football & Sport,Which old football shirt design should return?,What made it iconic?,2,question,football|sport,4
q0685,Football & Sport,What is the best football chant you have heard?,What makes a chant work?,2,question,football|sport,4
q0686,Football & Sport,Should football clubs be treated as community institutions rather than ordinary businesses?,What obligations follow?,2,question,football|sport,4
q0687,Football & Sport,How much should ticket prices be controlled?,Who should absorb the cost?,2,question,football|sport,4
q0688,Football & Sport,What makes away-day culture special?,What behaviour spoils it?,2,question,football|sport,4
q0689,Football & Sport,Which sport is most exciting live compared with on television?,What changes in person?,2,question,football|sport,4
q0690,Football & Sport,Which sport is much better on television than live?,Why?,2,question,football|sport,4
q0691,Football & Sport,Which athlete outside football do you admire most?,Is it performance or character?,2,question,football|sport,4
q0692,Football & Sport,What is the greatest sporting moment you remember watching live?,Who were you with?,2,question,football|sport,4
q0693,Football & Sport,Which Olympic event would you most like to attend?,What would the atmosphere be like?,2,question,football|sport,4
q0694,Football & Sport,Which sport do you believe you could have become good at with early training?,What physical or mental quality suits it?,2,question,football|sport,4
q0695,Football & Sport,Should athletes be expected to speak on political issues?,When is silence acceptable?,2,question,football|sport,4
q0696,Football & Sport,What sports documentary should everyone watch?,What did it reveal?,2,question,football|sport,4
q0697,Football & Sport,Which sporting tradition should be retired?,What should replace it?,2,question,football|sport,4
q0698,Football & Sport,What is one lesson from sport that genuinely applies to life?,Where have you used it?,2,question,football|sport,4
q0699,Football & Sport,What is one life lesson sport teaches badly?,What is the healthier version?,2,question,football|sport,4
q0700,Football & Sport,"If you could attend any match in history, which would it be?",Where would you sit?,2,question,football|sport,4
q0701,Philosophy & Future,What do you think makes a life meaningful?,Has your answer changed?,4,question,philosophy|future,2
q0702,Philosophy & Future,Is happiness a sensible primary goal?,What should come before it?,4,question,philosophy|future,2
q0703,Philosophy & Future,Do people change fundamentally or mainly learn to manage themselves?,Who changed your view?,4,question,philosophy|future,2
q0704,Philosophy & Future,What do we owe future generations?,Which obligation is most urgent?,4,question,philosophy|future,2
q0705,Philosophy & Future,Would humans be happier with less technology?,Which technology would you keep?,4,question,philosophy|future,2
q0706,Philosophy & Future,What part of modern life will future generations find absurd?,What will they envy?,4,question,philosophy|future,2
q0707,Philosophy & Future,Is it better to be realistic or hopeful when the two conflict?,Which has served you better?,4,question,philosophy|future,2
q0708,Philosophy & Future,What is more important: being understood or being accepted?,Can one exist without the other?,4,question,philosophy|future,2
q0709,Philosophy & Future,How much of personality is chosen?,Which part of yours feels inherited?,4,question,philosophy|future,2
q0710,Philosophy & Future,Can a good person repeatedly do harmful things and remain good?,Where do intentions stop mattering?,4,question,philosophy|future,2
q0711,Philosophy & Future,What does forgiveness actually require?,Can it happen without forgetting?,4,question,philosophy|future,2
q0712,Philosophy & Future,Is closure something another person gives you or something you create?,What experience shaped your view?,4,question,philosophy|future,2
q0713,Philosophy & Future,What is a belief you definitely hold?,What evidence could change it?,4,question,philosophy|future,2
q0714,Philosophy & Future,What truth about life took you longest to accept?,Has accepting it brought peace?,4,question,philosophy|future,2
q0715,Philosophy & Future,What is one question you wish science could answer in your lifetime?,How would the answer change behaviour?,4,question,philosophy|future,2
q0716,Philosophy & Future,Would knowing your future improve or damage your life?,What knowledge would be too much?,4,question,philosophy|future,2
q0717,Philosophy & Future,Is legacy a healthy motivation?,Who benefits from it after you are gone?,4,question,philosophy|future,2
q0718,Philosophy & Future,What is the difference between a meaningful sacrifice and self-neglect?,Where is your boundary?,4,question,philosophy|future,2
q0719,Philosophy & Future,Do difficult experiences reliably make people stronger?,What else might they do?,4,question,philosophy|future,2
q0720,Philosophy & Future,What does freedom mean when every choice has consequences?,When have you felt most free?,4,question,philosophy|future,2
q0721,Philosophy & Future,Is morality possible without religion?,What grounds moral responsibility?,4,question,philosophy|future,2
q0722,Philosophy & Future,Can religion remain private when it shapes how someone lives?,Where should public limits sit?,4,question,philosophy|future,2
q0723,Philosophy & Future,What should society value that cannot be easily measured?,Why is measurement so powerful?,4,question,philosophy|future,2
q0724,Philosophy & Future,When does tradition deserve protection?,When does it become an excuse?,4,question,philosophy|future,2
q0725,Philosophy & Future,Is progress always worth the loss it creates?,What example troubles you?,4,question,philosophy|future,2
q0726,Philosophy & Future,What would happen if everyone received the same income?,Which inequalities would remain?,4,question,philosophy|future,2
q0727,Philosophy & Future,Is inequality always unjust?,What differences are acceptable?,4,question,philosophy|future,2
q0728,Philosophy & Future,What does someone deserve simply by being human?,Who is currently denied it?,4,question,philosophy|future,2
q0729,Philosophy & Future,How much responsibility do individuals have for problems created by systems?,Where can one person act?,4,question,philosophy|future,2
q0730,Philosophy & Future,Is privacy becoming a luxury?,What would you refuse to share?,4,question,philosophy|future,2
q0731,Philosophy & Future,What should AI never be allowed to decide?,Who should set the rule?,4,question,philosophy|future,2
q0732,Philosophy & Future,Could an AI ever deserve rights?,What capability would change your answer?,4,question,philosophy|future,2
q0733,Philosophy & Future,What human ability will become more valuable as technology advances?,How should children develop it?,4,question,philosophy|future,2
q0734,Philosophy & Future,Would immortality make life meaningless?,What would you do with endless time?,4,question,philosophy|future,2
q0735,Philosophy & Future,Is death necessary for life to have urgency?,What would change without it?,4,question,philosophy|future,2
q0736,Philosophy & Future,What do you think people misunderstand most about ageing?,What are you beginning to notice?,4,question,philosophy|future,2
q0737,Philosophy & Future,At what point does ambition become dissatisfaction?,How can someone tell?,4,question,philosophy|future,2
q0738,Philosophy & Future,Can gratitude and desire for more coexist?,How do you balance them?,4,question,philosophy|future,2
q0739,Philosophy & Future,What is the difference between confidence and self-deception?,When have you crossed the line?,4,question,philosophy|future,2
q0740,Philosophy & Future,Do people need hardship to develop character?,Can character be built safely?,4,question,philosophy|future,2
q0741,Philosophy & Future,What is a responsibility you have because of your advantages?,How are you meeting it?,4,question,philosophy|future,2
q0742,Philosophy & Future,Should people be judged by their worst action?,What factors should matter?,4,question,philosophy|future,2
q0743,Philosophy & Future,Can justice exist without punishment?,What alternatives are credible?,4,question,philosophy|future,2
q0744,Philosophy & Future,When does loyalty become morally wrong?,What example tests the principle?,4,question,philosophy|future,2
q0745,Philosophy & Future,What does it mean to live authentically when every identity has social expectations?,Which expectation affects you most?,4,question,philosophy|future,2
q0746,Philosophy & Future,Is belonging more important than individuality?,Where have you sacrificed one for the other?,4,question,philosophy|future,2
q0747,Philosophy & Future,What should children learn about uncertainty?,How can adults model it?,4,question,philosophy|future,2
q0748,Philosophy & Future,What would you preserve if civilisation had to begin again?,What knowledge comes first?,4,question,philosophy|future,2
q0749,Philosophy & Future,What do you hope humanity understands better in 100 years?,What could move us there?,4,question,philosophy|future,2
q0750,Philosophy & Future,What do you hope people closest to you remember about how you lived?,What can you practise now?,4,question,philosophy|future,2
